fixed acidity,density,sulphates,alcohol,quality,sulfur_dioxide_ratio,pH_chlorides_impact,citric_volatile_ratio
7.4,0.9978,0.56,9.4,5,0.3235294117647059,0.26676,0.0
7.8,0.9968,0.68,9.8,5,0.373134328358209,0.31360000000000005,0.0
7.8,0.997,0.65,9.8,5,0.2777777777777778,0.29991999999999996,0.052562417871222074
11.2,0.998,0.58,9.8,6,0.2833333333333333,0.237,1.99288256227758
7.4,0.9978,0.56,9.4,5,0.325,0.26325,0.0
7.9,0.9964,0.46,9.4,5,0.2542372881355932,0.2277,0.09983361064891846
7.3,0.9946,0.47,10.0,7,0.7142857142857143,0.22035000000000002,0.0
7.8,0.9968,0.57,9.5,7,0.5,0.24527999999999997,0.034423407917383825
7.5,0.9978,0.8,10.5,5,0.16666666666666666,0.23784999999999998,0.718562874251497
6.7,0.9959,0.54,9.2,5,0.23076923076923078,0.31815999999999967,0.1376936316695353
5.6,0.9943,0.52,9.9,5,0.2711864406779661,0.31862,0.0
7.8,0.9974,1.56,9.1,5,0.3103448275862069,0.37163999999999997,0.4746317512274959
8.9,0.9986,0.88,9.2,5,0.3586206896551724,0.55616,0.2898550724637681
8.9,0.9986,0.93,9.2,5,0.34459459459459457,0.5389,0.3059581320450886
8.5,0.9969,0.75,10.5,7,0.33980582524271846,0.3036,1.99288256227758
8.1,0.9968,1.28,9.3,5,0.2857142857142857,1.14448,0.49910873440285203
7.4,0.9974,0.5,9.0,4,0.20689655172413793,0.29068,0.1353637901861252
7.9,0.9969,1.08,9.2,6,0.30357142857142855,1.03664,1.588785046728972
8.9,0.9968,0.53,9.4,6,0.48333333333333334,0.26103,2.171945701357466
7.6,0.9982,0.65,9.7,5,0.323943661971831,0.2886399999999997,0.7928388746803069
7.9,0.9966,0.91,9.5,5,0.2702702702702703,0.33602,0.4872389791183295
8.5,0.9968,0.53,9.4,5,0.13432835820895522,0.26628,0.2240325865580448
6.9,0.9968,0.63,9.7,6,0.525,0.29155000000000003,0.3491271820448878
6.3,0.9955,0.56,9.3,5,0.4782608695652174,0.2672,0.4092071611253197
7.6,0.9962,0.59,9.5,5,0.36363636363636365,0.26239999999999997,0.5839416058394161
7.1,0.9972,0.55,9.4,5,0.4,0.2776,0.0
7.8,0.9964,0.59,9.8,6,0.5,0.2771599999999997,0.0
6.7,0.9958,0.54,10.1,5,0.2073170731707317,0.29814999999999997,0.10355029585798817
6.9,0.9966,0.57,10.6,6,0.5945945945945946,0.36329999999999996,0.0
8.3,0.9966,0.66,9.8,5,0.13274336283185842,0.26311,0.18292682926829268
6.9,0.9993,0.52,9.4,6,0.4819277108433735,0.25185,0.19801980198019803
5.2,0.9957,0.55,9.2,5,0.26,0.34813999999999995,0.778816199376947
7.8,0.9986,0.55,9.6,6,0.2777777777777778,0.2924,0.0
7.8,0.9975,0.6,10.8,6,0.2,0.29412,0.23294509151414314
8.1,0.9968,0.73,9.7,7,0.43333333333333335,0.21318,0.7349081364829397
5.7,0.994,0.48,9.8,4,0.3684210526315789,0.602,0.07957559681697614
7.3,0.9978,0.83,10.5,5,0.13793103448275862,0.24642,0.7982261640798226
8.8,0.9976,0.51,9.3,4,0.3695652173913043,0.28687999999999997,0.4909983633387889
7.5,0.9968,0.9,10.5,6,0.5714285714285714,1.06572,0.4073319755600815
8.1,0.9968,1.2,10.3,5,0.391304347826087,0.2277,0.3328290468986384
6.8,0.9962,0.52,9.5,5,0.45454545454545453,0.17400000000000002,0.029806259314456036
4.6,0.9934,0.56,13.1,4,0.12307692307692308,0.21059999999999998,0.28790786948176583
7.7,0.997,0.73,9.2,5,0.19298245614035087,0.3705,0.4594017094017094
8.7,0.9969,0.58,9.5,5,0.32432432432432434,0.36725,1.7869415807560138
6.4,0.9958,0.56,9.2,5,0.4166666666666667,0.22044,0.57356608478803
5.6,0.9954,0.58,9.2,5,0.125,0.24567999999999998,1.1897106109324758
8.8,0.9971,0.74,9.2,5,0.17391304347826086,0.23309999999999997,0.39334341906202724
6.6,0.9956,0.63,9.4,6,0.5333333333333333,0.2346,0.07677543186180422
6.6,0.9955,0.64,9.4,6,0.42857142857142855,0.23052000000000003,0.07984031936127745
8.6,0.997,0.56,9.4,5,0.25210084033613445,0.25920000000000004,0.9448818897637795
7.6,0.9955,0.63,10.2,6,0.4520547945205479,0.3487,0.29354207436399216
7.7,0.9978,0.53,9.5,5,0.5555555555555556,0.28056000000000003,0.06441223832528181
10.2,0.9971,0.63,9.6,5,0.4,0.21280000000000002,1.353919239904988
7.5,0.9983,0.77,9.4,5,0.45454545454545453,0.36185999999999996,0.19017432646592708
7.8,0.9975,0.59,10.0,5,0.3148148148148148,0.26068,0.30456852791878175
7.3,0.9962,0.54,9.4,6,0.1956521739130435,0.25234,0.7928388746803069
8.8,0.998,0.64,9.2,5,0.36538461538461536,0.27176,0.9975062344139651
7.7,0.9968,0.71,9.3,5,0.17857142857142858,0.36915000000000003,0.7091172214182345
7.5,0.9968,0.62,9.5,7,0.34285714285714286,0.2873,0.30710172744721687
7.0,0.9966,0.57,9.8,5,0.24074074074074073,0.27459,0.06793478260869566
7.2,0.9962,0.39,10.9,5,0.36363636363636365,0.29325999999999997,0.06887052341597796
7.5,0.9968,0.58,9.6,5,0.28205128205128205,0.27018,0.21113243761996162
6.6,0.9962,0.58,10.7,5,0.4,0.26144,0.0991501416430595
9.3,0.9969,0.79,10.7,5,0.4153846153846154,0.24271999999999996,1.775700934579439
8.0,0.9962,0.95,10.5,6,0.42105263157894735,0.24716,0.0708215297450425
7.7,0.9967,0.54,9.5,6,0.5555555555555556,0.25232,0.12678288431061807
7.7,0.9962,0.48,9.5,5,0.17708333333333334,0.29216,0.3427719821162444
7.7,0.9961,0.48,9.5,5,0.19148936170212766,0.27804,0.31837916063675836
8.3,0.9976,0.53,9.2,4,0.2558139534883721,0.27804,0.3846153846153846
9.7,0.9984,0.82,9.6,5,0.3373493975903614,0.30832,1.6822429906542056
8.8,0.9986,0.66,10.5,5,0.21428571428571427,0.32922,1.5571776155717763
6.8,0.9966,0.55,10.7,6,0.4666666666666667,0.36607999999999996,0.0
6.7,0.9958,0.52,10.1,5,0.15,0.29068,0.15978695073235685
8.3,0.9972,1.12,9.1,4,0.226890756302521,0.2528,0.31948881789137384
6.2,0.9958,0.56,9.2,5,0.2,0.23529000000000003,0.4434589800443459
7.8,0.9974,1.28,9.4,5,0.3283582089552239,1.4523199999999996,1.6241299303944314
7.4,0.997,0.57,9.1,5,0.2876712328767123,0.28895999999999994,0.9381237524950099
7.3,0.9969,1.14,9.4,5,0.3137254901960784,1.26716,0.38748137108792846
6.3,0.9959,0.78,10.3,6,0.29508196721311475,0.23736000000000002,1.5946843853820598
6.9,0.9961,0.59,10.1,5,0.475,0.25916,0.27223230490018147
8.6,0.9972,1.95,9.9,6,0.14705882352941177,0.32230000000000003,0.5702647657841141
7.7,0.9966,0.64,9.6,5,0.2903225806451613,0.21018,0.529531568228106
9.3,0.9978,1.22,9.5,5,0.272,0.33598,1.1253196930946292
7.0,0.9978,0.53,9.0,5,0.3333333333333333,0.26448,0.12882447665056362
7.9,0.9964,0.54,9.5,5,0.3,0.25517,0.4990403071017274
8.6,0.9972,1.98,9.8,5,0.14285714285714285,0.32230000000000003,0.5906313645621181
5.0,0.9938,0.48,10.5,4,0.4823529411764706,0.16874999999999998,0.039177277179236046
4.7,0.9932,0.6,12.9,6,0.16037735849056603,0.2232999999999996,0.28286189683860236
6.8,0.9965,0.56,10.7,5,0.34782608695652173,0.3519,0.0
7.0,0.9963,0.63,9.2,5,0.13636363636363635,0.22750000000000004,0.499001996007984
7.6,0.9967,0.56,9.8,5,0.5,0.26781,0.06659267480577136
8.1,0.9972,0.59,9.0,6,0.37142857142857144,0.264,0.3296703296703296
8.3,0.9972,0.61,10.2,6,0.22,0.2856,0.4909983633387889
7.8,0.9959,0.56,10.4,6,0.36363636363636365,0.24825,0.5988023952095808
8.1,0.9967,0.51,9.2,5,0.18461538461538463,0.25333,0.3819444444444445
7.2,0.996,0.48,9.4,5,0.1388888888888889,0.23310000000000003,0.48879837067209775
7.8,0.9973,1.31,9.3,5,0.2608695652173913,1.43836,1.6545012165450124
6.2,0.9969,0.79,9.3,5,0.234375,0.30448,0.491283676703645
8.0,0.9976,0.8,9.6,6,0.225,0.30667,1.6012084592145015
8.1,0.9969,0.69,9.3,5,0.24183006535947713,0.39161999999999997,0.6615776081424937
7.8,0.9964,0.93,9.5,5,0.2553191489361702,0.33176,0.338680926916221
8.4,0.9964,0.66,9.8,5,0.10185185185185185,0.2646,0.14492753623188406
8.4,0.9964,0.66,9.8,5,0.12612612612612611,0.26775,0.1663893510815308
10.1,0.9988,0.67,9.7,6,0.4782608695652174,0.2656,1.414790996784566
9.4,0.9966,0.63,10.5,6,0.20967741935483872,0.2763,0.7730673316708229
8.3,0.9978,0.61,10.0,6,0.275,0.26103,0.5175600739371534
7.8,0.997,0.5,9.4,6,0.25,0.2763399999999997,0.213903743315508
8.8,0.9962,0.6,10.9,6,0.25,0.38199,0.07259528130671505
7.0,0.9959,0.54,9.2,6,0.24719101123595505,0.32397999999999966,0.11577424023154849
7.3,0.9962,0.57,9.0,5,0.11235955056179775,0.5873999999999999,0.08403361344537816
7.3,0.998,0.52,9.2,5,0.23076923076923078,0.26175,0.0
8.0,0.9976,0.53,9.5,5,0.3235294117647059,0.2752,0.0
7.8,0.996,0.48,9.5,5,0.20588235294117646,0.27797999999999967,0.33932135728542917
9.0,0.9984,0.7,9.4,5,0.3,0.46136,0.06441223832528181
8.2,0.9964,0.49,10.9,5,0.25,0.28593,0.0
8.1,0.9964,0.48,10.9,5,0.25,0.29027999999999965,0.0
8.0,0.9962,0.92,10.5,7,0.1875,0.2223,0.2707275803722504
6.1,0.9955,0.57,9.4,5,0.3157894736842105,0.24624,0.39370078740157477
8.0,0.9968,0.66,9.4,5,0.22388059701492538,0.38232,0.7506702412868633
5.6,0.9937,0.63,13.0,5,0.1717171717171717,0.17787,0.17964071856287425
6.6,0.9952,0.58,9.8,6,0.6538461538461539,0.204,0.01996007984031936
7.9,0.9959,0.55,9.9,6,0.4482758620689655,0.27048000000000005,0.04803073967339098
8.4,0.9965,0.82,9.6,5,0.25396825396825395,0.28709999999999997,0.14745308310991959
8.3,0.9968,0.77,9.5,5,0.19230769230769232,0.28747,0.20949720670391062
7.2,0.9972,0.64,9.2,5,0.28888888888888886,0.28188,0.8653846153846154
7.8,0.9962,0.54,9.5,5,0.14285714285714285,0.26973,0.338680926916221
7.8,0.9962,0.54,9.5,5,0.1574074074074074,0.26892,0.338680926916221
5.2,0.9916,0.79,14.0,6,0.42857142857142855,0.18400000000000002,0.0
6.3,0.9954,0.58,9.4,5,0.15,0.22044,0.20460358056265984
8.1,0.9968,0.62,9.4,5,0.22695035460992907,0.37088999999999966,0.819672131147541
5.8,0.9944,0.52,10.0,5,0.22340425531914893,0.30798,0.02936857562408223
7.6,0.9968,0.8,9.3,5,0.11363636363636363,0.73396,0.529531568228106
6.9,0.9959,0.58,10.2,6,0.4,0.25307999999999997,0.20366598778004075
8.2,0.9975,0.61,10.5,6,0.2558139534883721,0.31416999999999995,1.0972568578553616
7.3,0.9958,0.53,10.3,6,0.45454545454545453,0.25641,1.4199395770392749
9.2,0.9996,2.0,9.4,4,0.463768115942029,1.6714,1.9193857965451055
7.5,0.995,0.54,10.1,5,0.25252525252525254,0.31825000000000003,0.04991680532445923
7.1,0.9973,0.72,10.5,5,0.2248062015503876,0.23940000000000003,0.974477958236659
7.1,0.9973,0.71,10.5,5,0.21875,0.24281999999999998,0.974477958236659
7.1,0.9969,0.5,9.3,5,0.5454545454545454,0.25404,0.0
6.8,0.9968,0.57,9.3,6,0.20930232558139536,0.28361,0.2995008319467554
7.6,0.9959,0.56,9.6,5,0.35,0.288,0.031545741324921134
7.6,0.9965,1.08,9.2,4,0.45,0.22823999999999997,0.02936857562408223
7.8,0.9964,0.56,10.0,6,0.5483870967741935,0.25307999999999997,0.07532956685499058
7.4,0.9982,0.49,9.4,5,0.2975206611570248,0.23590000000000003,0.43261231281198004
7.3,0.9981,0.49,9.4,5,0.2892561983471074,0.23590000000000003,0.43993231810490696
7.8,0.9961,0.62,9.5,5,0.14583333333333334,0.319,0.7606973058637083
6.8,0.9956,0.52,10.2,5,0.1782178217821782,0.2839,0.15600624024961
7.3,0.9956,0.48,9.0,4,0.40476190476190477,0.24264,0.05444646098003629
6.8,0.9953,0.55,10.4,6,0.25,0.30883,0.11093502377179082
7.5,0.9964,1.59,9.5,5,0.23809523809523808,1.08,0.33994334277620397
7.9,0.9972,0.33,9.1,4,0.5,0.19487999999999966,0.03386004514672686
8.0,0.9972,0.61,9.2,6,0.3333333333333333,0.24017,0.4038004750593825
7.4,0.9961,0.57,11.5,6,0.5714285714285714,0.23256000000000002,0.08051529790660227
7.3,0.9961,0.47,9.5,5,0.2,0.2664,0.5511811023622047
6.9,0.9958,0.78,9.5,5,0.3877551020408163,0.28475,0.07984031936127745
7.5,0.9972,0.61,10.5,6,0.21052631578947367,0.31145999999999996,0.8061420345489443
7.0,0.9969,0.56,9.6,5,0.35,0.23664000000000002,0.0
8.8,0.9969,0.59,9.5,5,0.23809523809523808,0.21373,0.2291325695581015
8.9,0.9972,1.02,9.3,5,0.20909090909090908,0.8424,0.8019639934533551
7.2,0.9972,0.52,9.3,5,0.38095238095238093,0.26144,0.027359781121751026
6.8,0.9971,0.58,9.3,5,0.16923076923076924,0.27258,0.32733224222585927
6.7,0.997,0.58,9.3,6,0.12903225806451613,0.27808,0.33816425120772947
8.9,0.9971,0.53,9.7,5,0.3058823529411765,0.36185999999999996,1.832797427652733
7.4,0.9972,0.55,9.2,5,0.208955223880597,0.2738799999999997,1.2276214833759589
7.7,0.9976,0.49,9.7,5,0.34615384615384615,0.28476,0.141643059490085
7.9,0.9968,0.55,9.5,5,0.1048951048951049,0.26880000000000004,0.658682634730539
7.9,0.9968,0.55,9.5,5,0.11805555555555555,0.2623999999999997,0.6517311608961304
8.2,0.9976,0.62,9.4,5,0.16535433070866143,0.24871,0.6986027944111776
6.4,0.9974,0.62,9.8,6,0.42857142857142855,0.26417999999999997,0.6738544474393531
6.8,0.9969,0.61,9.5,5,0.12698412698412698,0.32472,0.19017432646592708
7.6,0.9964,0.55,9.7,5,0.25,0.23287999999999998,0.381125226860254
7.8,0.9968,0.54,9.4,5,0.2,0.2405,0.5583756345177665
7.3,0.9968,0.59,10.2,5,0.2727272727272727,0.25604,0.5163511187607573
11.5,0.9981,0.97,10.1,6,0.4444444444444444,0.20837,1.9933554817275747
5.4,0.9924,0.85,13.0,7,0.13978494623655913,0.16421999999999998,0.09569377990430622
6.9,0.9948,0.43,11.4,4,0.3870967741935484,0.21411,0.054995417048579284
9.6,0.99695,0.82,10.3,7,0.375,0.18031999999999967,1.4641744548286604
8.8,0.9975,1.03,9.3,5,0.2689655172413793,0.2948799999999997,1.2938005390835579
6.8,0.99545,0.79,9.5,5,0.32653061224489793,0.252,0.21956087824351297
7.0,0.9961,0.55,9.2,5,0.41025641025641024,0.29391999999999996,0.831353919239905
7.0,0.99615,0.56,9.2,6,0.3783783783783784,0.29725999999999997,0.8352668213457076
12.8,0.9994,0.77,10.8,7,0.32142857142857145,0.30400000000000005,2.4584717607973423
7.8,0.99625,0.53,9.3,5,0.21666666666666667,0.22701000000000002,0.542907180385289
7.8,0.9966,0.67,9.4,5,0.18947368421052632,0.32200000000000006,0.634920634920635
11.0,0.998,0.88,10.5,7,0.3684210526315789,0.17874,1.9269102990033222
9.7,0.99585,0.86,12.4,6,0.2631578947368421,0.12869999999999998,1.1299435028248586
8.0,0.99685,0.56,10.0,6,0.16129032258064516,0.27805,0.3305785123966942
11.6,0.998,0.67,10.2,6,0.3333333333333333,0.18938999999999998,1.4512471655328798
8.2,0.9959,0.43,10.1,5,0.4307692307692308,0.19799999999999998,0.45534150612959723
7.8,0.9974,0.71,9.8,6,0.24390243902439024,0.29808,0.10869565217391305
7.0,0.9974,0.76,10.5,5,0.21487603305785125,0.2004,0.9979633401221996
8.7,0.9962,0.57,11.0,5,0.2653061224489796,0.3171399999999997,0.25559105431309903
8.1,0.9967,0.55,9.1,5,0.2682926829268293,0.24191999999999997,0.30303030303030304
7.5,0.9957,0.54,9.7,5,0.22727272727272727,0.25764,0.38696537678207743
7.8,0.99655,0.6,9.5,5,0.16666666666666666,0.264,0.6214689265536724
7.8,0.9964,0.59,9.4,6,0.41379310344827586,0.2738799999999997,1.0850439882697946
7.4,0.9957,0.57,9.4,5,0.2222222222222222,0.31814999999999966,0.4896421845574388
6.8,0.99525,0.6,9.5,5,0.5,0.19494,0.06546644844517185
8.6,0.99815,0.6,10.0,6,0.2857142857142857,0.27224,0.3869969040247678
8.4,0.99745,0.57,10.4,4,0.2727272727272727,0.29459,0.5660377358490566
7.7,0.99615,0.58,10.5,6,0.4603174603174603,0.24600999999999998,0.580046403712297
8.9,0.9964,1.61,9.5,6,0.3333333333333333,1.02448,0.8460236886632826
9.0,0.9984,0.63,9.8,5,0.391304347826087,0.30171,0.17052375152253352
6.9,0.99685,0.5,11.0,5,0.2702702702702703,0.28026,0.4798464491362764
5.2,0.9927,0.62,12.2,7,0.1792452830188679,0.19116,0.08316008316008316
8.0,0.99625,0.52,9.9,6,0.24489795918367346,0.26286,0.15748031496062992
8.5,0.998,0.7,9.6,6,0.3103448275862069,0.3006,0.5390835579514826
8.2,0.99685,0.55,9.0,6,0.1891891891891892,0.2158,0.08991008991008992
7.2,0.99675,0.58,9.0,6,0.3684210526315789,0.3268899999999997,0.0
7.2,0.99675,0.58,9.2,6,0.38461538461538464,0.3268899999999997,0.0
8.9,0.9971,1.09,9.3,5,0.08064516129032258,0.789,0.5817610062893082
12.0,0.99925,0.71,10.9,6,0.25,0.29202,1.4698162729658795
7.7,0.99565,0.49,9.8,6,0.25688073394495414,0.31416,0.17211703958691912
15.0,1.00005,0.84,9.2,7,0.4166666666666667,0.23024999999999998,2.085308056872038
7.3,0.9983,0.96,9.9,6,0.2608695652173913,0.30324,0.0
7.1,0.99685,0.52,9.5,5,0.3137254901960784,0.2535,0.10279001468428782
8.2,0.9963,0.45,9.3,5,0.1506849315068493,0.2304,0.28286189683860236
7.7,0.99615,0.48,9.8,6,0.23076923076923078,0.24789999999999998,0.11299435028248586
10.8,0.9985,0.78,10.0,6,0.43243243243243246,0.20286,1.3707165109034267
7.1,0.9972,0.7,9.9,6,0.47058823529411764,0.25678,0.0
11.1,0.9986,0.53,10.5,5,0.23809523809523808,0.2853,1.3675213675213675
7.7,0.9959,0.59,9.5,5,0.09302325581395349,0.29716,0.5412371134020618
8.0,0.99675,0.57,9.3,5,0.14285714285714285,0.23797999999999997,0.4028021015761822
9.4,0.998,0.62,9.2,5,0.38461538461538464,0.2415,1.0850439882697946
6.6,0.9968,0.67,9.2,5,0.21428571428571427,0.26175,0.0
7.7,0.9968,1.26,9.4,5,0.17777777777777778,1.86966,1.8491484184914844
10.0,0.99965,0.8,10.5,7,0.42424242424242425,0.2856,1.5112540192926045
7.9,0.99625,0.65,9.3,5,0.4,0.25333,0.6948640483383686
7.0,0.99565,0.6,9.4,4,0.1791044776119403,0.29145,0.04098360655737705
8.0,0.99575,0.57,10.0,5,0.2857142857142857,0.2338,0.05758157389635316
7.9,0.9963,0.67,9.3,5,0.46938775510204084,0.25256,0.6199460916442049
12.5,0.9999,0.87,10.9,5,0.18518518518518517,0.19712000000000002,0.873440285204991
11.8,0.9968,0.72,10.2,7,0.6,0.22719999999999999,1.9923371647509578
8.1,1.00025,0.72,9.8,4,0.4262295081967213,0.3456,0.0
7.9,0.9973,0.86,12.8,8,0.40540540540540543,0.26130000000000003,1.3105413105413106
6.9,0.9987,0.91,9.4,6,0.25925925925925924,0.28413,0.07393715341959334
11.5,0.9996,0.97,10.1,6,0.17391304347826086,0.34112,2.81767955801105
7.9,0.9965,0.67,10.7,6,0.4426229508196721,0.29231999999999997,0.10989010989010987
10.9,0.99935,0.78,10.1,5,0.26153846153846155,0.22862,1.5633423180592991
8.4,0.99735,0.64,9.4,5,0.2631578947368421,0.25156,0.2793296089385475
7.5,0.99915,0.77,9.4,5,0.2872340425531915,0.29744,0.27649769585253453
10.3,0.9976,0.82,12.6,8,0.38461538461538464,0.23578999999999997,1.4018691588785046
8.9,0.9991,0.77,10.5,7,0.2127659574468085,0.29406,0.798004987531172
11.4,0.9986,0.82,9.3,6,0.3157894736842105,0.22152,1.685823754789272
7.7,0.9972,1.08,9.9,7,0.5,1.1635,2.5092250922509227
7.6,0.9971,0.57,9.1,5,0.22641509433962265,0.22512000000000001,0.23032629558541265
9.9,1.00015,0.71,9.8,5,0.4507042253521127,0.33762,0.11844331641285957
12.0,0.9997,0.76,10.3,6,0.5102040816326531,0.2263,1.2195121951219512
7.5,0.9967,0.7,10.3,6,0.5471698113207547,0.31004,0.2992518703241895
8.7,0.9976,0.86,10.6,7,0.40816326530612246,0.30394,0.1727447216890595
11.6,1.001,0.95,9.2,5,0.336734693877551,0.336,1.2589073634204277
11.0,0.9979,0.71,10.5,5,0.3333333333333333,1.1318999999999997,2.388059701492537
10.4,0.9994,0.64,10.3,6,0.375,0.29302,0.4174228675136116
6.9,0.9964,0.6,10.1,6,0.3125,0.33418000000000003,0.6925207756232687
13.3,1.0014,0.81,9.5,6,0.32075471698113206,0.2867,1.5249266862170088
10.8,1.0001,0.64,9.5,5,0.18518518518518517,0.22265,0.9181636726546907
10.6,0.9981,0.52,9.9,5,0.37142857142857144,0.27176,0.4452466907340554
7.1,0.99855,0.73,9.6,5,0.27586206896551724,0.30461,0.09508716323296354
7.2,0.9993,0.8,9.7,5,0.16129032258064516,0.34498,0.030721966205837174
6.9,0.99845,0.71,9.6,5,0.24242424242424243,0.2944,0.0894187779433681
7.5,0.9965,0.59,10.7,6,0.45454545454545453,0.29068,0.11299435028248586
11.1,0.9973,0.64,10.1,6,0.4666666666666667,0.21896000000000002,2.6519337016574585
8.3,0.9994,0.72,10.0,5,0.42857142857142855,0.32292,0.16997167138810199
7.4,0.996,0.54,9.5,5,0.23809523809523808,0.63054,0.1788375558867362
8.4,0.9973,0.52,9.2,5,0.13333333333333333,0.3583999999999997,0.9216589861751151
10.3,0.9998,0.59,9.3,6,0.24,0.19656,0.9039548022598869
7.6,0.9966,0.52,9.4,5,0.12962962962962962,0.27551999999999965,0.5152979066022545
10.3,0.9994,0.62,9.5,6,0.42857142857142855,0.67947,1.0218978102189782
10.3,0.9994,0.63,9.5,6,0.4166666666666667,0.6826599999999999,1.0208816705336428
7.4,0.9968,0.53,9.5,6,0.3,0.21142,1.3058419243986255
7.9,0.996,0.54,9.4,6,0.14285714285714285,0.23543999999999998,0.45197740112994345
9.0,0.99815,0.63,9.5,6,0.19387755102040816,0.30876,0.6724511930585683
8.6,0.9976,0.53,9.4,5,0.2222222222222222,0.25079999999999997,0.6369426751592356
7.4,0.99645,0.68,11.0,5,0.3611111111111111,0.29492999999999997,0.8033240997229917
7.1,0.9962,0.65,11.0,6,0.37735849056603776,0.32832,0.8262108262108262
9.6,0.9996,0.65,10.1,5,0.40217391304347827,0.33659999999999995,0.40998217468805703
9.6,0.99865,0.64,10.4,6,0.40540540540540543,0.2705999999999997,0.1556420233463035
9.8,0.9989,0.71,11.5,7,0.3559322033898305,0.27971,0.5900151285930408
9.3,0.99975,0.62,9.7,5,0.28735632183908044,0.2916,0.425531914893617
7.8,0.99735,0.63,9.3,5,0.3333333333333333,0.25991000000000003,0.08051529790660227
10.3,0.999,0.7,9.5,6,0.4794520547945205,0.29519999999999996,0.7106598984771574
10.0,1.0015,0.69,9.2,6,0.26,0.22436,0.4073319755600815
11.6,0.9978,0.74,11.5,7,0.42857142857142855,0.36905,1.2429378531073447
10.3,0.998,0.83,11.5,5,0.38461538461538464,0.35096,1.1337868480725624
13.4,1.0002,0.67,9.7,6,0.2857142857142857,0.25911999999999974,2.287822878228782
10.7,0.9981,0.62,9.5,5,0.4666666666666667,0.19398,0.8459869848156182
10.2,0.998,0.66,12.5,6,0.24390243902439024,0.39405999999999997,1.772853185595568
8.0,0.9973,0.54,9.4,6,0.18421052631578946,0.21252000000000001,0.48192771084337355
8.4,0.9958,0.52,11.0,5,0.36363636363636365,0.32865,0.142602495543672
7.9,0.9963,0.74,11.7,7,0.4473684210526316,0.26052,0.015360983102918587
11.9,0.9992,0.84,12.2,7,0.3333333333333333,0.40576,0.7614942528735633
8.9,0.9948,0.7,12.5,6,0.375,0.1742,1.0440835266821347
7.8,0.9974,0.64,10.3,5,0.5,0.26480000000000004,0.7424593967517402
12.4,1.0008,1.0,11.5,6,0.2828282828282828,0.32548,1.1812627291242361
12.5,0.9997,1.36,9.8,7,0.41379310344827586,0.2550199999999997,1.9217081850533808
12.2,1.0,1.18,9.2,6,0.47619047619047616,0.20592000000000002,1.4662756598240467
10.6,0.9972,0.87,11.3,6,0.2777777777777778,0.20865,1.1401425178147269
10.9,0.9982,0.75,9.8,6,0.42857142857142855,0.38939999999999997,1.2020460358056264
11.9,1.0006,0.78,10.7,6,0.1875,0.25583999999999973,0.8756567425569177
7.0,0.9979,0.81,9.9,5,0.6349206349206349,0.24120000000000003,0.0
6.6,0.9955,0.89,12.3,7,0.5,0.25776,0.02450980392156863
13.8,0.9986,0.93,12.0,6,0.4,0.28086,1.364562118126273
9.6,0.9979,0.92,10.0,6,0.32608695652173914,0.27679,0.552584670231729
9.1,0.9994,0.86,9.4,6,0.39285714285714285,0.31248,0.0
10.7,1.0004,0.98,9.9,6,0.5,0.35096,0.32786885245901637
9.1,0.9994,0.83,9.4,6,0.4230769230769231,0.3216,0.0
7.7,0.9974,0.73,9.3,5,0.42105263157894735,0.2943,0.0
13.5,1.0018,0.77,13.0,5,0.2987012987012987,0.3816,1.487758945386064
6.1,0.9912,0.59,11.9,6,0.24545454545454545,0.21450000000000002,1.8957345971563984
6.7,0.9955,0.61,12.8,6,0.53125,0.2769,0.013315579227696404
11.5,1.0001,0.88,11.0,5,0.5272727272727272,0.2608,1.2652068126520681
10.5,0.997,0.75,11.7,7,0.41379310344827586,0.3758399999999997,1.5676959619952495
11.9,1.0,0.85,10.4,7,0.43478260869565216,0.34335,1.531322505800464
12.6,1.001,0.68,9.8,6,0.24390243902439024,0.27896,1.7322834645669292
8.2,0.9973,0.7,9.4,5,0.1728395061728395,0.31581000000000004,0.32810271041369476
8.6,0.9982,0.91,9.9,6,0.42,0.28981999999999997,0.6873614190687362
11.9,0.9992,0.56,10.0,5,0.16216216216216217,0.21959999999999996,1.1359724612736661
12.5,0.9988,0.87,10.2,5,0.4,0.21229,1.3665943600867678
12.8,1.0022,0.73,10.0,7,0.16666666666666666,0.25481,1.0714285714285714
10.0,0.9979,0.93,11.8,6,0.3333333333333333,0.34881999999999996,1.187648456057007
10.4,1.0,0.69,9.0,5,0.4583333333333333,0.24016,1.059027777777778
10.3,0.9998,0.64,9.4,5,0.2,0.5056200000000001,1.5249266862170088
9.4,0.9962,1.13,12.0,7,0.3333333333333333,0.2368,1.955719557195572
6.9,0.9975,0.78,9.9,5,0.5555555555555556,0.22491,0.02610966057441253
7.9,0.9967,0.87,8.7,6,0.44,0.18591999999999964,1.6597510373443984
9.1,0.9967,1.04,10.6,6,0.5652173913043478,0.22244,1.7081850533807827
7.4,0.9959,0.63,9.2,5,0.16666666666666666,0.3233,0.3992740471869328
14.0,1.0014,0.81,10.8,6,0.1276595744680851,0.26788999999999996,1.5328467153284673
11.5,0.9984,0.83,11.8,7,0.4,0.37323999999999996,1.3123844731977818
11.5,1.0003,1.11,11.0,6,0.40425531914893614,0.25428,1.1086474501108647
11.4,0.9988,0.99,13.3,6,0.25,0.27368,1.0543130990415337
8.3,0.9979,0.7,10.8,6,0.4,0.31114,0.9026128266033254
8.3,0.9974,0.8,9.4,6,0.4074074074074074,0.25680000000000003,1.6091954022988504
13.7,1.0014,0.8,10.0,6,0.3953488372093023,0.2601,1.6346153846153848
7.7,0.998,0.74,9.2,5,0.42592592592592593,0.29753999999999997,0.5479452054794521
7.4,0.9979,0.76,9.7,6,0.2972972972972973,0.30870000000000003,0.11093502377179082
7.8,0.9981,0.74,9.2,6,0.4791666666666667,0.30008,0.4805914972273567
8.3,0.9972,0.54,9.6,6,0.40476190476190477,0.26149,0.226928895612708
7.8,0.9981,0.74,9.2,6,0.4339622641509434,0.30184,0.5639913232104121
9.6,0.9982,0.7,10.0,7,0.32653061224489793,0.30624,0.8136482939632546
5.6,0.9924,0.82,12.9,8,0.13636363636363635,0.1602,0.058754406580493544
9.5,0.998,0.51,9.5,5,0.23076923076923078,0.2607599999999997,1.4016172506738545
8.4,0.997,0.54,9.1,5,0.1368421052631579,0.35391999999999973,0.9159159159159158
12.7,0.9997,0.57,9.9,5,0.24,0.19088999999999998,1.0815307820299502
12.0,1.0004,0.6,13.0,7,0.18421052631578946,0.21252000000000001,2.0485175202156336
6.6,0.9994,0.53,9.9,5,0.5483870967741935,0.42334,0.027173913043478264
11.5,0.9988,0.65,11.0,6,0.2653061224489796,0.27666,0.9983079526226735
8.7,0.9963,0.55,9.4,5,0.21428571428571427,0.19840000000000002,0.28720626631853785
7.7,0.9949,0.47,10.8,6,0.5263157894736842,0.19411,1.1494252873563218
12.2,1.0,0.61,10.5,6,0.296875,0.2635,1.1226611226611227
11.4,0.9994,0.63,10.5,6,0.24390243902439024,0.26775,0.8153078202995009
7.7,0.9974,0.61,9.1,5,0.5555555555555556,0.24449999999999997,0.07235890014471781
8.7,0.9966,0.76,10.1,6,0.44,0.19823999999999997,1.4790996784565917
9.8,0.9981,0.65,10.8,6,0.32142857142857145,0.20412000000000002,1.0657596371882085
12.0,0.9996,0.63,10.8,7,0.4,0.29574,1.6879795396419437
10.4,0.997,0.7,11.3,6,0.375,0.55506,1.7008797653958942
12.5,0.9981,0.57,9.6,4,0.5306122448979592,0.2135,1.0629067245119306
9.0,0.9987,0.62,9.5,6,0.3023255813953488,0.2704,0.7888631090487239
9.1,0.9987,0.62,9.5,5,0.2948717948717949,0.2704,0.7760532150776053
7.1,0.9966,0.64,9.3,5,0.19480519480519481,0.327,0.2173913043478261
9.9,0.9986,0.82,11.7,7,0.3157894736842105,0.3171899999999997,1.3216957605985038
8.8,0.9982,0.61,9.5,5,0.19672131147540983,0.28362,0.6525911708253359
8.6,1.0014,1.07,9.3,5,0.23134328358208955,0.3884399999999996,0.3305785123966942
10.6,0.997,0.66,11.7,6,0.3,0.36185999999999996,1.3305613305613306
7.0,0.9956,0.48,10.5,5,0.27419354838709675,0.31304,0.20654044750430292
11.9,0.9996,0.76,10.4,6,0.35,0.39204,1.3385826771653544
6.8,0.9976,0.68,9.9,5,0.6538461538461539,0.23892000000000002,0.0
9.5,0.9972,0.73,11.8,7,0.5223880597014925,0.29191999999999996,0.5882352941176471
6.6,0.9952,0.56,12.3,7,0.6666666666666666,0.20768,0.0356718192627824
7.7,0.9955,0.44,10.9,5,0.25,0.15792,0.20811654526534862
10.5,0.9978,0.9,11.0,7,0.25,0.2079,1.950207468879668
6.4,0.9949,0.49,11.4,6,0.3958333333333333,0.15705,0.11922503725782414
9.5,0.9988,0.56,10.6,6,0.1875,0.25101999999999997,0.28169014084507044
9.1,0.9978,0.6,9.3,5,0.3,0.22680000000000003,0.6333973128598849
12.8,0.9997,0.6,10.4,6,0.37142857142857144,0.2728,0.7491082045184305
7.8,0.9974,0.56,9.2,5,0.3181818181818182,0.2405,0.6352087114337567
11.9,0.9958,0.65,12.8,6,0.5,0.23399999999999999,1.8598382749326143
12.3,1.0004,0.49,9.5,5,0.3333333333333333,0.28756,1.6112531969309463
10.4,0.9996,0.89,9.9,6,0.4074074074074074,0.23939999999999997,1.3381995133819953
8.0,0.9958,0.56,10.2,6,0.6129032258064516,0.19559999999999997,0.4470938897168405
11.1,0.9986,0.66,11.2,6,0.2727272727272727,0.20922000000000002,1.6186252771618626
7.0,0.9951,0.6,9.3,5,0.14,0.19096,0.2898550724637681
12.6,0.9987,0.82,9.8,8,0.20689655172413793,0.20736,2.315112540192926
11.9,0.9988,0.68,11.3,6,0.25925925925925924,0.20808000000000001,1.6209476309226933
15.6,1.0032,0.68,11.2,7,0.13953488372093023,0.29500000000000004,1.107871720116618
10.0,0.9963,0.63,11.6,7,0.5789473684210527,0.24871,1.1111111111111112
5.3,0.9934,0.84,12.5,7,0.18518518518518517,0.19277999999999998,0.017513134851138354
9.5,0.9986,0.56,10.1,6,0.1935483870967742,0.25517,0.13586956521739132
12.5,0.9996,0.73,10.5,5,0.4305555555555556,0.2511,1.574803149606299
9.3,0.9968,0.72,11.2,5,0.375,0.40894,0.6029106029106029
8.6,0.9967,0.56,10.2,6,0.25925925925925924,0.32000000000000006,0.4143126177024482
11.9,0.9994,0.61,10.8,6,0.4857142857142857,0.29450000000000004,1.764705882352941
8.4,0.9979,1.06,9.1,6,0.34615384615384615,1.26378,1.4285714285714286
6.8,0.9968,0.63,10.0,6,0.5142857142857142,0.28896,0.053475935828877
10.4,0.9998,0.74,11.2,7,0.22727272727272727,0.27384,1.903323262839879
7.0,0.9952,0.63,11.1,5,0.31343283582089554,0.2205,1.7316017316017316
11.3,0.9988,0.69,13.4,8,0.3157894736842105,0.27692,1.0789049919484703
8.9,0.9986,0.58,10.3,5,0.22727272727272727,0.32015,0.6598984771573605
9.2,0.9988,0.58,9.6,5,0.4461538461538462,0.31815999999999967,0.3328050713153724
11.6,1.0008,0.57,9.0,3,0.2127659574468085,0.2405,1.1359724612736661
9.2,0.9976,0.61,11.3,6,0.6086956521739131,0.27805,1.2064965197215778
8.3,0.9982,0.61,9.3,5,0.3157894736842105,0.28362,0.35714285714285715
11.0,0.997,0.61,11.8,5,0.4,0.27030000000000004,2.6053639846743297
8.1,0.9972,0.53,9.0,5,0.1937984496124031,0.30184,1.059001512859304
11.5,0.9987,0.7,9.2,6,0.3333333333333333,0.25032,1.7088607594936709
10.0,1.0006,0.91,9.7,5,0.38461538461538464,0.34104,1.3745704467353954
10.3,0.9982,0.72,11.5,6,0.4117647058823529,0.21804000000000004,0.8383233532934131
8.8,0.9947,0.79,14.0,6,0.3888888888888889,0.2158,0.9761388286334056
11.4,1.0,0.62,9.2,6,0.2857142857142857,0.2853,1.9113573407202216
8.7,0.9952,0.58,9.8,5,0.75,0.22400000000000003,0.0243605359317905
13.0,0.9996,0.61,10.6,5,0.3191489361702128,0.28364999999999996,2.0249221183800623
9.6,0.997,0.71,11.4,6,0.4807692307692308,0.25920000000000004,0.7763401109057301
12.5,0.9995,0.82,10.4,6,0.36764705882352944,0.26145,1.482479784366577
9.9,0.9971,0.79,10.6,5,0.35714285714285715,0.20212,1.5669515669515672
10.5,0.9982,0.89,9.4,6,0.4166666666666667,0.256,1.8149466192170818
9.6,0.9988,0.6,10.2,5,0.17857142857142858,0.27318,0.35242290748898675
9.3,0.998,0.7,9.7,5,0.375,0.29847999999999997,1.5129151291512912
10.4,0.9977,1.06,11.0,6,0.3,0.2385,2.033195020746888
9.4,0.9984,0.7,10.1,6,0.1935483870967742,0.24563,0.16034985422740525
10.6,1.0026,0.66,9.2,5,0.2608695652173913,0.21528000000000003,1.387900355871886
9.4,0.9964,0.92,11.7,8,0.35294117647058826,0.252,1.86046511627907
10.6,0.9986,1.05,9.4,5,0.3333333333333333,0.46208,1.634349030470914
10.6,0.9986,1.06,9.4,5,0.3888888888888889,0.46208,1.6620498614958448
10.6,0.997,0.66,13.4,6,0.25,0.34884000000000004,1.5419501133786848
10.2,0.9976,0.47,10.0,5,0.35294117647058826,0.17118,0.5812220566318926
10.2,0.9982,0.42,10.0,6,0.35714285714285715,0.16801,0.5572755417956656
11.6,1.0002,0.92,10.8,7,0.5223880597014925,0.26892,1.7133956386292837
9.3,0.9984,0.75,10.2,6,0.38461538461538464,0.24381999999999998,1.0230179028132993
9.3,0.9984,0.67,10.6,6,0.42857142857142855,0.25818,0.3479381443298969
9.2,0.9952,0.79,13.3,7,0.48,0.1837,1.2165450121654502
8.9,0.995,0.9,13.4,7,0.48148148148148145,0.17264,1.2718204488778055
8.7,1.0002,0.74,11.6,6,0.2839506172839506,0.29928,0.4486251808972504
6.5,0.9952,0.55,12.1,6,0.3076923076923077,0.17543999999999998,0.5882352941176471
10.7,0.9972,0.65,11.0,8,0.3125,0.2205,1.50997150997151
7.8,0.9984,0.65,9.0,6,0.3684210526315789,0.27783,0.4798464491362764
7.2,0.9966,0.79,11.1,5,0.3805309734513274,0.29879999999999995,0.93841642228739
10.4,0.999,0.85,12.0,7,0.5,0.23457999999999998,1.655328798185941
10.5,0.9976,1.04,10.9,7,0.25,0.24804,1.800766283524904
10.5,0.9976,1.05,10.8,7,0.2727272727272727,0.24717,1.7427385892116183
10.2,0.9968,0.78,12.5,7,0.38461538461538464,0.22752,1.2830957230142566
10.4,0.9976,1.02,10.8,7,0.2857142857142857,0.24375,1.9087136929460582
11.2,1.0,0.71,9.5,6,0.46153846153846156,0.26628,0.819672131147541
10.0,0.9994,0.63,10.2,6,0.41935483870967744,0.2862,0.5245346869712352
13.3,0.9986,0.68,11.4,7,0.5348837209302325,0.25536000000000003,2.577319587628866
12.4,0.9978,0.61,9.5,5,0.4418604651162791,0.22046,1.163895486935867
10.7,0.998,0.81,9.7,6,0.30612244897959184,0.37875,1.197007481296758
10.5,0.9973,0.66,11.8,7,0.4,0.33063,1.2524461839530332
8.5,1.001,1.14,9.3,5,0.2251655629139073,0.40382,0.7469512195121951
12.5,1.001,0.74,11.9,6,0.35714285714285715,0.325,0.8153078202995009
10.4,0.9994,0.63,8.4,3,0.3125,0.6320000000000001,0.8019639934533551
10.9,0.9972,0.68,11.7,6,0.34375,0.28336,2.322274881516588
7.3,0.9966,0.78,11.0,5,0.36792452830188677,0.29568,1.3387978142076502
9.8,0.9982,0.9,10.0,6,0.45454545454545453,0.30095999999999995,1.952191235059761
7.6,0.998,0.64,9.1,5,0.37209302325581395,0.30623999999999996,1.1922141119221412
8.2,0.9979,0.99,9.8,5,0.3533834586466165,0.33462000000000003,1.2531969309462916
9.3,0.9978,0.55,9.4,5,0.2676056338028169,0.27370000000000005,1.221945137157107
9.2,0.9976,0.64,9.5,5,0.19827586206896552,0.27777999999999997,1.136890951276102
10.4,0.9998,0.67,9.9,5,0.5471698113207547,0.3402,0.3744149765990639
7.0,0.9962,0.77,11.4,6,0.38823529411764707,0.3288299999999997,1.2860892388451444
8.2,0.9988,0.75,8.7,6,0.5818181818181818,0.28056000000000003,1.163895486935867
9.9,0.9974,0.57,9.4,5,0.18181818181818182,0.23792999999999997,0.38034865293185416
9.1,0.999,0.87,10.3,6,0.03571428571428571,0.26598,1.085972850678733
11.9,1.0004,0.61,10.3,5,0.2857142857142857,0.30968,1.2860892388451444
10.3,0.9956,0.66,12.8,6,0.45454545454545453,0.23184,0.8856088560885608
10.0,1.0,0.56,10.0,6,0.40625,0.33455999999999997,0.49896049896049893
8.1,0.9972,0.77,10.7,6,0.38461538461538464,0.28308000000000005,0.29055690072639223
12.9,1.0014,0.66,12.0,7,0.14285714285714285,0.21120000000000003,1.396011396011396
11.2,0.9996,0.62,11.2,5,0.29411764705882354,0.32200000000000006,1.4770459081836327
9.2,0.9988,0.67,9.6,5,0.425531914893617,0.32925999999999966,0.40609137055837563
9.5,0.9988,0.73,11.0,6,0.29411764705882354,0.20544,1.0629067245119306
9.3,0.9966,0.59,9.9,5,0.25,0.21840000000000004,0.33519553072625696
11.2,0.9993,0.72,11.0,6,0.3018867924528302,0.2601,0.3630862329803328
14.3,1.0008,0.79,8.4,6,0.4,0.2145,2.3794212218649515
9.1,0.9982,0.59,9.1,5,0.3584905660377358,0.28952,1.040339702760085
7.5,0.9983,0.78,9.5,6,0.35714285714285715,0.2691,0.4355716878402903
10.6,0.9987,0.86,10.7,6,0.2857142857142857,0.21842,1.5755627009646302
12.4,0.9994,0.75,10.4,6,0.391304347826087,0.24648,1.396011396011396
9.0,0.9975,0.61,9.4,6,0.24,0.5591700000000001,0.9227871939736346
6.8,0.9958,0.56,9.5,6,0.36,0.24642,0.019569471624266144
9.4,0.998,0.73,10.0,6,0.3111111111111111,0.29347999999999996,0.5568445475638051
9.5,0.998,0.74,10.0,6,0.3181818181818182,0.28704,0.5206073752711496
5.0,0.9934,0.62,11.5,5,0.3333333333333333,0.18700000000000003,0.23054755043227668
15.5,1.00315,0.74,11.1,5,0.43478260869565216,0.2774,0.7585139318885449
10.9,1.0002,0.56,11.7,6,0.5882352941176471,0.36225999999999997,0.9227871939736346
15.6,1.00315,0.74,11.1,5,0.43478260869565216,0.2774,0.7585139318885449
13.0,1.0021,0.68,12.7,6,0.1276595744680851,0.2805,1.040339702760085
12.7,0.9994,0.57,11.4,5,0.2631578947368421,0.2355,0.8153078202995009
9.0,0.9978,0.58,9.2,5,0.21487603305785125,0.25194,1.1111111111111112
9.0,0.9982,0.61,9.2,5,0.37272727272727274,0.28952,0.9057301293900184
7.6,0.9971,0.61,10.1,6,0.4166666666666667,0.30452,1.6838487972508591
8.7,0.9991,0.6,9.0,6,0.3333333333333333,0.75032,0.34236804564907275
9.8,0.999,0.79,10.7,6,0.25,0.8275,0.9780439121756487
6.2,0.9946,0.57,11.7,6,0.4523809523809524,0.33915,0.6648199445983379
11.5,1.0003,0.91,11.0,6,0.2702702702702703,0.23240000000000002,1.396011396011396
10.2,0.9978,0.61,10.4,5,0.35714285714285715,0.2355,2.033195020746888
10.5,0.9991,0.56,9.6,4,0.2978723404255319,0.231,0.8291032148900169
10.6,0.9992,0.7,10.0,6,0.2564102564102564,0.24881999999999999,1.4369501466275658
12.3,0.9993,0.8,10.2,6,0.6086956521739131,0.2528,1.8081180811808117
9.9,0.9978,0.52,10.0,4,0.42857142857142855,0.34402,0.47904191616766467
8.8,0.9982,0.6,9.5,5,0.16216216216216217,0.2739,1.1111111111111112
8.8,0.9982,0.6,9.8,5,0.15454545454545454,0.27965,1.040339702760085
10.6,0.9976,0.51,9.8,6,0.45,0.19782,1.5755627009646302
12.3,1.0002,0.44,9.6,5,0.35714285714285715,0.28391,0.9780439121756487
11.7,1.0,0.43,9.2,5,0.3333333333333333,0.26477,0.9979633401221996
12.0,0.9976,0.66,9.9,7,0.47619047619047616,0.22052,1.7437722419928823
11.8,1.0002,0.76,10.7,7,0.675,0.3069,1.4803625377643503
7.6,0.998,0.66,9.6,6,0.21052631578947367,0.31577,0.46966731898238745
11.1,0.9986,1.02,10.6,7,0.3404255319148936,0.29328,1.5755627009646302
7.3,0.9967,0.59,9.3,5,0.17647058823529413,0.35207999999999995,0.3283173734610123
5.0,0.9917,0.74,14.0,8,0.38,0.2232,0.5700712589073634
10.2,0.9976,0.74,10.5,7,0.38461538461538464,0.17994999999999997,1.6838487972508591
9.0,0.9987,0.57,9.7,5,0.28,0.28140000000000004,1.0864745011086474
6.6,0.9922,0.5,11.5,6,0.15436241610738255,0.21840000000000004,1.2531969309462916
9.9,1.0004,0.58,9.0,5,0.20930232558139536,0.30926,1.1812627291242361
7.9,0.9978,0.53,9.5,5,0.5263157894736842,0.3264,0.2357836338418863
8.9,0.9998,0.57,9.3,5,0.27522935779816515,0.28121999999999997,0.6879194630872483
12.4,0.9994,0.6,9.3,6,0.25,0.17936,1.2718204488778055
11.9,0.998,0.63,10.0,6,0.2777777777777778,0.21938999999999997,0.9982788296041308
8.5,0.9967,0.48,9.8,6,0.16666666666666666,0.24960000000000002,0.30716723549488056
12.7,1.0,0.7,9.3,6,0.5,0.24599999999999972,0.7614213197969544
8.2,0.9962,0.47,10.0,4,0.30434782608695654,0.28687999999999997,0.29475982532751094
13.2,1.0006,0.56,9.0,6,0.34285714285714286,0.2201,1.1279826464208242
7.7,0.9975,0.52,9.3,5,0.42857142857142855,0.2673,0.0
8.3,0.9984,0.62,9.1,6,0.2222222222222222,0.30432,0.22375215146299485
8.3,0.9984,0.59,9.2,6,0.25,0.28135000000000004,0.21630615640599002
9.4,0.9973,0.79,12.2,7,0.5,0.24047999999999997,1.1678832116788322
8.8,0.9982,0.53,10.5,6,0.5,0.30452,0.8523908523908523
10.1,1.0026,0.64,10.4,6,0.16923076923076924,0.36519999999999997,0.5683563748079877
6.3,0.9956,0.52,12.7,6,0.38461538461538464,0.267,0.5263157894736842
8.8,0.9983,0.54,9.2,5,0.43859649122807015,0.28137,2.240663900414938
13.2,1.0006,0.54,9.4,5,0.3125,0.24138,1.4435695538057745
7.5,0.9965,0.6,10.0,6,0.6206896551724138,0.25564,0.0
8.2,0.9962,0.74,9.8,5,0.3448275862068966,0.18907999999999967,0.9718670076726342
9.2,0.9969,1.36,10.2,6,0.0970873786407767,0.42475999999999997,0.23809523809523808
9.6,0.9997,0.57,9.7,5,0.39436619718309857,0.2765,0.831946755407654
11.5,0.9982,0.93,9.8,6,0.5,0.23937,1.639871382636656
11.4,1.0006,0.7,10.2,5,0.23529411764705882,0.38186,1.0845986984815619
11.3,0.9988,0.8,9.3,5,0.375,0.27192,1.105121293800539
8.3,0.9976,0.61,9.4,5,0.14285714285714285,0.24852,0.44362292051756
8.2,0.9976,0.62,9.4,5,0.1346153846153846,0.25584,0.40998217468805703
10.0,0.9974,0.55,9.5,5,0.28125,0.2504,0.37865748709122204
7.9,0.9974,0.96,12.1,6,0.4666666666666667,0.26873,0.4892367906066536
6.8,0.9997,0.72,10.2,5,0.3620689655172414,0.42904,0.0
8.8,0.9988,0.49,9.1,5,0.3333333333333333,0.32928,0.48252911813643923
8.7,0.9976,0.6,9.3,6,0.22580645161290322,0.3171899999999997,0.4805914972273567
7.6,0.9964,0.61,9.3,5,0.23809523809523808,0.35631,0.33527696793002915
10.4,0.9988,0.63,9.5,5,0.2631578947368421,0.34125,1.9217081850533808
7.6,0.9964,0.57,10.5,6,0.4883720930232558,0.28884,0.34063260340632606
10.1,1.001,0.64,11.3,4,0.12790697674418605,0.36015,0.23504273504273504
7.9,0.9964,0.58,9.5,5,0.45098039215686275,0.23870999999999998,0.5982905982905983
8.7,0.9954,0.55,9.7,5,0.7272727272727273,0.21255000000000002,0.0
9.6,0.9979,0.53,9.4,5,0.20408163265306123,0.27864,0.31782065834279233
9.5,0.9978,0.53,9.4,5,0.21379310344827587,0.27216,0.3047404063205418
7.7,0.9964,0.65,10.2,7,0.30434782608695654,0.47905,0.13100436681222707
8.9,0.997,1.36,10.3,6,0.43859649122807015,0.21306000000000003,1.2027491408934707
9.9,0.9991,0.62,9.4,5,0.4,0.24069,0.8317929759704251
9.5,0.9992,0.63,9.5,5,0.3088235294117647,0.24565999999999996,0.7445008460236887
7.8,0.9984,0.69,10.1,7,0.45454545454545453,0.38755,0.15600624024961
7.3,0.9972,0.63,10.1,5,0.3,0.36379999999999996,0.07451564828614009
8.3,0.9967,0.58,11.0,4,0.35714285714285715,0.23240000000000002,0.011820330969267141
8.7,0.9964,0.67,11.2,7,0.35714285714285715,0.21978,0.6237006237006237
6.7,0.9948,0.57,11.3,6,0.16216216216216217,0.21488000000000002,0.6413301662707839
10.7,0.9986,0.5,9.6,5,0.25,0.30634,0.9048723897911833
9.8,1.001,0.67,11.2,5,0.22580645161290322,0.35464,0.28376844494892167
15.9,0.9976,0.84,14.9,5,0.30985915492957744,0.28608,1.8005540166204987
9.4,0.9976,0.54,12.0,6,0.3,0.24648,1.782477341389728
8.6,0.9979,0.46,9.5,5,0.2413793103448276,0.22791999999999998,0.9978768577494692
9.7,1.0004,0.61,9.4,5,0.37735849056603776,0.27318,0.308529945553539
12.0,0.998,0.68,10.5,7,0.5476190476190477,0.21316,1.1776447105788423
7.2,0.9973,0.81,9.6,6,0.25,0.24567999999999998,0.1343570057581574
7.1,0.997,0.57,11.0,4,0.38461538461538464,0.32736000000000004,0.023781212841854936
7.5,0.9978,0.64,9.0,5,0.35714285714285715,0.26480000000000004,0.7363420427553444
7.2,0.9972,0.7,9.6,6,0.3333333333333333,0.25536,0.10507880910683012
10.1,0.9974,0.79,10.2,6,0.38461538461538464,0.15200000000000002,1.6370106761565835
12.1,1.0,0.66,10.2,5,0.2777777777777778,0.27875999999999995,1.2967581047381547
9.4,0.9981,0.56,9.7,5,0.5208333333333334,0.26376000000000005,0.23688663282571915
8.3,0.998,0.6,9.5,6,0.375,0.70596,0.7331975560081466
11.3,0.9988,0.66,9.2,6,0.4,0.2410799999999997,1.3196480938416422
10.0,0.9966,0.57,11.0,5,0.4838709677419355,0.18585,0.5882352941176471
6.9,0.9959,0.58,10.0,5,0.6666666666666666,0.27058,0.598503740648379
8.2,0.9968,0.52,9.5,5,0.38461538461538464,0.2368,0.28727770177838574
9.8,0.998,0.53,9.5,5,0.2119205298013245,0.24885,0.27397260273972607
10.8,0.9984,0.67,9.3,6,0.4117647058823529,0.25872,1.022443890274314
9.3,0.9984,0.65,10.2,5,0.3870967741935484,0.20864,0.9489051094890512
8.6,0.9979,0.48,9.9,5,0.3870967741935484,0.2856,0.1373283395755306
8.3,0.9983,0.53,10.0,5,0.5172413793103449,0.28188,0.12804097311139565
10.8,0.9972,0.54,9.6,5,0.40816326530612246,0.1878,1.7241379310344827
13.3,1.0004,0.49,9.0,5,0.375,0.21420000000000003,1.345707656612529
8.0,0.9962,0.49,10.2,6,0.5517241379310345,0.30174,0.5099778270509978
8.5,0.998,0.54,9.8,5,0.5517241379310345,0.25974,0.6724511930585683
8.1,0.997,0.56,11.3,5,0.3333333333333333,0.19883,0.29449423815621
9.8,0.998,0.48,9.4,5,0.23026315789473684,0.2535,0.32619775739041795
7.1,0.997,0.6,9.1,5,0.325,0.24080000000000001,0.27649769585253453
9.1,0.9998,0.59,9.7,5,0.34210526315789475,0.3116,0.358814352574103
7.7,0.9962,0.47,9.4,5,0.4444444444444444,0.1326,0.060514372163388806
8.1,0.9976,1.05,9.4,5,0.29411764705882354,0.5181,1.2598425196850394
7.4,0.9966,0.54,10.7,3,0.35714285714285715,0.35210999999999965,0.0
9.2,0.9998,0.54,9.8,5,0.12903225806451613,0.30276,0.26058631921824105
8.6,0.9979,1.17,9.0,5,0.25806451612903225,1.27866,1.0386965376782078
9.0,0.9984,0.62,9.4,5,0.1721311475409836,0.27888,0.6652806652806653
9.0,0.9984,0.61,9.4,5,0.192,0.27804,0.6581740976645436
5.1,0.9921,0.62,12.8,6,0.4090909090909091,0.1326,0.042462845010615716
7.0,0.9972,0.67,9.5,6,0.32,0.22902000000000003,0.030721966205837174
9.4,1.0001,0.53,9.7,5,0.25,0.28797,0.4545454545454546
11.8,0.9986,0.62,10.8,6,0.2631578947368421,0.22080999999999998,1.4435695538057745
10.6,0.9984,0.57,10.1,6,0.29545454545454547,0.23408,0.4211557296767875
7.0,0.997,0.67,9.4,6,0.391304347826087,0.23249000000000003,0.031201248049921998
7.5,0.9972,0.7,9.6,4,0.2619047619047619,0.24235999999999996,1.2598425196850394
9.1,0.998,0.54,9.7,4,0.2857142857142857,0.25662,0.05221932114882506
8.4,0.999,0.49,9.9,5,0.2037037037037037,0.24600999999999998,0.1447876447876448
7.0,0.9956,0.47,10.0,5,0.5263157894736842,0.3162,0.10243277848911651
7.4,0.9966,0.51,10.5,5,0.43243243243243246,0.25949,0.38696537678207743
7.8,0.996,0.61,11.6,6,0.3142857142857143,0.22712000000000002,0.21978021978021975
9.7,0.9983,0.66,10.0,6,0.3939393939393939,0.20274,1.5112540192926045
10.6,0.9985,0.57,10.1,5,0.25,0.24480000000000002,0.41910331384015603
8.9,0.9998,0.61,9.5,5,0.14285714285714285,0.31434,0.6007067137809188
8.7,0.9992,0.45,9.4,5,0.3939393939393939,0.28224,0.0
8.0,0.9976,0.46,9.4,5,0.20833333333333334,0.2505,0.8352668213457076
9.9,0.998,0.51,9.8,5,0.2727272727272727,0.25584,0.37786774628879893
7.2,0.9967,0.48,9.2,6,0.38235294117647056,0.22701000000000002,0.3665987780040733
7.6,0.9968,0.57,10.0,5,0.24489795918367346,0.25359,0.23861171366594358
8.4,0.9976,0.44,9.6,5,0.45454545454545453,0.2640399999999997,0.071301247771836
7.1,0.9976,0.54,9.5,5,0.37777777777777777,0.29756,0.0
8.9,0.9982,0.53,9.2,5,0.330188679245283,0.2914,0.49896049896049893
7.6,0.9968,0.59,10.0,5,0.3125,0.26964,0.19002375296912116
7.1,0.9965,1.62,9.5,5,0.28346456692913385,0.15582,0.9646302250803859
7.5,0.9958,0.6,11.2,4,0.4166666666666667,0.30444,0.0896057347670251
9.0,0.9976,0.55,10.4,5,0.38461538461538464,0.25333,0.25718608169440244
8.1,0.9994,0.72,11.1,6,0.3673469387755102,0.28812000000000004,0.12482662968099861
6.4,0.997,0.68,9.5,5,0.36363636363636365,0.23182,0.03502626970227671
6.4,0.995,0.49,12.7,6,0.46551724137931033,0.25631,0.03464203233256351
9.5,0.9982,0.67,9.6,5,0.32432432432432434,1.22679,1.1978221415607986
8.9,0.9994,0.52,11.5,5,0.2857142857142857,0.30272,0.14840182648401826
7.3,0.9966,0.47,9.6,5,0.5263157894736842,0.31188,0.03588516746411483
7.0,0.998,0.6,9.5,5,0.2222222222222222,0.29109999999999964,0.753880266075388
7.7,0.9987,0.62,9.3,5,0.23076923076923078,0.261,0.35650623885918004
7.7,0.9963,0.5,9.5,5,0.5,0.36511999999999967,0.10351966873706005
8.2,1.0002,0.65,9.3,6,0.3275862068965517,0.3255,0.0
9.0,0.9983,0.56,9.2,5,0.2692307692307692,0.2852,0.49891540130151846
9.0,0.999,0.6,9.3,5,0.5,0.2948,0.0
8.3,0.9965,0.68,11.5,6,0.75,0.25875,0.38107752956636004
9.2,0.99788,0.57,9.5,5,0.2014388489208633,0.25038,0.45197740112994345
6.5,0.9972,0.65,9.2,5,0.5,0.22490000000000002,0.0
11.6,1.00024,0.53,10.0,5,0.24752475247524752,0.30047999999999997,1.4111922141119222
11.1,1.0001,0.51,9.5,5,0.2079207920792079,0.29735,1.381074168797954
7.3,0.99768,0.73,9.5,6,0.42857142857142855,0.24640000000000004,0.3522504892367906
8.2,0.9978,0.47,9.0,6,0.21052631578947367,0.264,1.1143695014662756
8.6,0.99782,0.48,9.4,5,0.23529411764705882,0.2739,1.2084592145015105
7.2,0.99761,0.72,9.6,6,0.3870967741935484,0.24991999999999998,0.3592814371257485
8.3,0.99803,0.55,9.5,5,0.425,0.29281,0.15360983102918588
7.6,0.99785,0.61,9.4,5,0.36363636363636365,0.3288299999999997,0.24029574861367836
7.8,0.99656,1.06,9.1,6,0.4375,1.2823499999999999,1.4137214137214138
7.8,0.99525,0.43,10.7,6,0.46808510638297873,0.20357999999999962,0.07683863885839737
6.3,0.99488,0.46,11.2,6,0.45454545454545453,0.20520000000000002,0.010193679918450561
8.1,0.99656,0.5,9.8,5,0.3225806451612903,0.273,0.0
8.8,0.99823,0.52,9.2,5,0.375,0.29347999999999996,0.498812351543943
9.0,0.99779,0.57,9.7,5,0.08653846153846154,0.24225,0.43029259896729777
9.3,0.99738,0.42,9.6,5,0.14285714285714285,0.312,0.39634146341463417
8.8,0.99701,0.53,10.0,6,0.42105263157894735,0.22839,0.0
9.1,0.99888,0.55,9.5,6,0.25,0.30783,0.16152716593245225
9.2,0.99888,0.54,9.5,6,0.25,0.30121,0.14903129657228018
8.8,0.99738,0.54,9.4,5,0.16216216216216217,0.27946,0.30456852791878175
7.5,0.99938,0.62,9.5,5,0.1326530612244898,0.35535,0.5324459234608986
7.1,0.99744,0.53,9.7,6,0.2553191489361702,0.29109999999999964,0.0338409475465313
7.9,0.99668,0.54,9.6,5,0.21875,0.25764,0.013869625520110958
9.4,0.9978,0.55,9.4,5,0.16083916083916083,0.2689599999999997,0.3790087463556851
9.5,0.99782,0.55,9.4,5,0.1597222222222222,0.2681399999999997,0.4728546409807356
7.9,0.9973,0.92,9.5,6,0.022727272727272728,0.5181,0.7231920199501246
7.9,0.99727,0.91,9.5,6,0.044444444444444446,0.51967,0.7481296758104737
7.2,0.99586,0.46,10.0,5,0.4375,0.34986,0.0
6.9,0.99612,0.6,10.3,6,0.11458333333333333,0.8261999999999999,0.23498694516971277
6.9,0.9961,0.59,10.3,6,0.3333333333333333,0.8193999999999999,0.2672955974842767
8.3,0.99788,0.61,10.5,5,0.20588235294117646,0.26544,0.6960556844547564
7.1,0.99745,0.6,9.8,5,0.22826086956521738,0.266,0.05758157389635316
7.0,0.99676,0.6,9.4,6,0.26666666666666666,0.6289,0.0
6.5,0.99732,0.65,9.8,5,0.24324324324324326,0.41724000000000006,0.3036876355748373
9.0,0.99814,0.53,10.0,5,0.2708333333333333,0.27216,0.06090133982947626
7.1,0.99746,0.59,9.8,5,0.23529411764705882,0.27335,0.01692047377326565
9.9,0.9982,0.5,9.5,5,0.18032786885245902,0.26643,1.168091168091168
10.0,0.9991,0.56,10.1,6,0.3275862068965517,0.25122,0.427807486631016
8.6,0.998,0.52,9.3,5,0.17647058823529413,0.30591,0.2694136291600634
7.4,0.99708,0.68,9.7,6,0.21951219512195122,0.2730599999999997,1.1590296495956873
8.8,0.99818,0.54,9.6,5,0.19230769230769232,0.27132,0.26521060842433697
7.1,0.99745,0.6,9.7,6,0.19540229885057472,0.28188,0.03273322422258593
7.7,0.99639,0.56,10.8,5,0.5384615384615384,0.18589999999999998,0.0
10.1,0.99531,0.53,12.5,6,0.2692307692307692,0.20605,1.992619926199262
10.8,0.99786,1.18,10.2,5,0.11666666666666667,0.39468000000000003,0.33670033670033667
8.7,0.99746,0.74,9.6,5,0.375,0.3906,0.6724511930585683
9.3,0.99526,0.81,10.8,7,0.5,0.12312000000000001,1.1859838274932615
9.4,0.9987,0.52,10.7,6,0.35714285714285715,0.2697799999999997,0.6786427145708583
7.2,0.99641,0.51,9.4,5,0.24074074074074073,0.2664999999999997,0.1309328968903437
8.6,0.99735,0.44,10.0,5,0.47058823529411764,0.21964,0.16333938294010888
5.1,0.99264,0.94,12.9,7,0.16279069767441862,0.15664,0.0
7.7,0.9971,0.66,9.6,6,0.30434782608695654,0.36936,0.142602495543672
8.4,0.99682,0.57,9.9,6,0.2222222222222222,0.27384,0.42226487523992323
8.2,0.99356,0.7,12.8,7,0.4,0.17316,1.4234875444839856
8.4,0.99386,0.71,12.5,7,0.4,0.13406999999999966,1.5537848605577689
7.4,0.99702,0.86,9.2,5,0.3333333333333333,0.5379,0.22598870056497172
7.6,0.99693,0.55,10.3,6,0.26666666666666666,0.22540000000000004,0.6444906444906445
7.3,0.99562,0.47,10.5,5,0.2857142857142857,0.22440000000000002,0.20366598778004075
12.9,1.00012,0.68,10.9,6,0.2916666666666667,0.22247999999999998,1.097804391217565
10.8,0.99818,0.71,10.8,5,0.5263157894736842,0.32076000000000005,0.7317073170731707
6.9,0.99462,0.58,11.4,4,0.5714285714285714,0.35087999999999997,0.6138107416879794
12.6,0.99939,0.76,11.3,6,0.4634146341463415,0.33063,1.3138686131386863
9.8,0.9984,0.58,10.5,6,0.26666666666666666,0.26163000000000003,0.37181996086105673
10.8,0.99545,0.73,11.9,6,0.7037037037037037,0.27552,1.443298969072165
7.1,0.99632,0.45,9.4,5,0.44680851063829785,0.23359,0.0
9.1,0.99976,0.54,9.6,5,0.15254237288135594,0.31815999999999967,0.226928895612708
7.0,0.99606,0.6,9.7,5,0.4090909090909091,0.33066,0.0
4.9,0.99154,0.74,14.0,7,0.38095238095238093,0.17808,0.0
6.7,0.9973,0.64,9.8,5,0.4166666666666667,0.27436,0.24029574861367836
7.1,0.99682,0.53,10.3,5,0.375,0.22032000000000004,0.5821205821205822
7.1,0.99624,0.49,10.7,5,0.40540540540540543,0.25536,0.3036876355748373
7.5,0.9951,0.64,11.0,7,0.5,0.17,1.2546125461254614
7.8,0.99417,0.74,12.7,8,0.7555555555555555,0.22490000000000002,0.1576182136602452
5.9,0.99376,0.77,11.1,6,0.6666666666666666,0.25276,0.1309328968903437
7.5,0.99632,0.55,10.9,4,0.5555555555555556,0.19603999999999966,0.10204081632653061
10.4,0.99832,0.86,9.9,3,0.7083333333333334,0.4900999999999999,0.9523809523809523
11.6,0.99836,0.86,9.9,4,0.7058823529411765,0.49685999999999997,0.9341825902335457
8.8,0.99694,0.47,9.4,5,0.6956521739130435,0.29216,0.3790087463556851
7.6,0.99655,0.51,9.3,5,0.4909090909090909,0.22374000000000002,0.15015015015015015
6.7,0.99064,0.39,11.7,7,0.36,0.039119999999999995,0.99644128113879
10.1,0.99672,0.83,11.2,7,0.32142857142857145,0.243,1.12540192926045
6.0,0.99647,0.47,10.0,5,0.5,0.31832,0.07984031936127745
11.1,0.99736,0.77,12.1,7,0.2647058823529412,0.27540000000000003,1.1163895486935866
6.6,0.99629,0.63,10.3,5,0.6774193548387096,0.39675000000000005,0.0
10.6,0.99708,0.72,10.9,6,0.5,0.38437,0.8982035928143712
7.1,0.9963,0.62,9.4,5,0.09782608695652174,0.28863999999999995,0.510204081632653
9.9,0.9959,0.83,10.6,6,0.6190476190476191,0.19716,1.8326693227091635
6.4,0.99689,0.66,9.8,5,0.45161290322580644,0.29079,0.32761310452418096
7.4,0.9977,0.7,9.9,6,0.3076923076923077,0.273,0.23494860499265785
6.4,0.99689,0.66,9.8,5,0.375,0.2864,0.3328050713153724
9.3,0.99708,0.55,9.5,5,0.4090909090909091,0.2788,1.0208816705336428
8.0,0.99801,1.07,9.7,5,0.21311475409836064,0.2576,0.7600950118764846
9.3,0.99652,0.73,10.9,6,0.7454545454545455,0.2776,1.0803324099722993
7.6,0.99538,0.71,11.7,7,0.7142857142857143,0.24920999999999996,0.027173913043478264
8.2,0.99594,0.78,11.3,7,0.3404255319148936,0.24819999999999998,1.3026819923371649
11.7,0.99686,0.67,10.6,7,0.53125,0.1701,1.672597864768683
6.8,0.99438,0.82,11.2,6,0.625,0.2516,0.392156862745098
7.2,0.99746,0.54,9.5,5,0.17647058823529413,0.27026999999999995,0.0966183574879227
5.8,0.99357,0.6,11.5,6,0.17045454545454544,0.14274,0.652818991097923
7.5,0.99628,0.44,10.4,5,0.28,0.21708000000000002,0.7600950118764846
7.2,0.99746,0.53,9.7,5,0.20238095238095238,0.27377999999999997,0.0966183574879227
7.2,0.99748,0.54,9.7,5,0.18604651162790697,0.27026999999999995,0.11006289308176101
6.8,0.99438,0.83,11.3,6,0.5416666666666666,0.24211,0.4480651731160896
6.9,0.99438,0.84,11.2,6,0.5909090909090909,0.24479999999999996,0.45009784735812136
7.6,0.99578,0.64,10.9,6,0.627906976744186,0.2752,0.04754358161648177
7.7,0.99371,0.57,11.8,6,0.7209302325581395,0.21824000000000002,0.013966480446927375
6.9,0.99522,0.57,10.6,5,0.782608695652174,0.30357999999999996,0.053475935828877
7.3,0.99576,0.54,10.0,4,0.5833333333333334,0.22981000000000001,0.6837606837606838
9.1,0.99552,0.58,11.1,7,0.6,0.21641000000000002,1.7535545023696684
10.4,0.99664,0.65,11.8,7,0.6,0.32448,1.2073490813648293
8.8,0.99614,0.79,11.8,7,0.4375,0.36079,1.2861736334405145
7.1,0.99517,0.58,10.9,4,0.5,0.2278,0.0
8.8,0.99787,0.5,10.0,6,0.43478260869565216,0.30268,0.3109656301145663
7.2,0.99745,0.55,9.5,5,0.20454545454545456,0.26827999999999996,0.06655574043261232
9.2,0.99576,0.49,9.9,5,0.47619047619047616,0.2457,0.320855614973262
7.6,0.99533,0.65,11.4,6,0.8571428571428571,0.23664000000000002,0.0
8.4,0.99536,0.78,12.0,6,0.5384615384615384,0.6246799999999997,0.9324758842443729
8.9,0.99824,0.64,10.5,5,0.3,0.28723999999999994,0.18641810918774968
9.0,0.99836,0.65,10.4,6,0.2857142857142857,0.27639,0.14981273408239698
10.7,0.99577,0.79,12.1,7,0.5178571428571429,0.2079,0.72936660268714
6.8,0.99491,0.56,11.2,6,0.5,0.24695999999999999,0.0
10.7,1.00289,0.68,9.3,5,0.23232323232323232,0.36063999999999974,0.37735849056603776
7.2,0.99576,0.58,10.1,5,0.5769230769230769,0.24423999999999998,0.7038123167155425
7.2,0.99743,0.57,9.7,5,0.18604651162790697,0.27534,0.0453857791225416
10.1,0.99774,0.65,9.3,6,0.5555555555555556,0.2640399999999997,0.5099778270509978
7.2,0.99745,0.58,9.8,6,0.19318181818181818,0.2824,0.04754358161648177
7.1,0.9955,0.58,10.7,6,0.627906976744186,0.2736,0.01692047377326565
8.3,0.99444,0.77,12.5,7,0.3953488372093023,0.25818,1.2540192926045017
8.3,0.99892,0.49,11.0,3,0.5454545454545454,0.29232,0.019588638589618023
8.9,0.99562,0.69,11.8,5,0.2564102564102564,0.19039999999999965,1.157556270096463
7.4,0.99736,0.69,10.8,7,0.48484848484848486,0.2864,0.15723270440251572
6.8,0.9962,0.59,10.8,7,0.6111111111111112,0.2046,0.10152284263959391
9.2,0.998,0.59,9.5,5,0.13043478260869565,0.26163000000000003,0.34423407917383825
7.2,0.9964,0.71,11.0,5,0.15384615384615385,0.28476,0.49907578558225507
6.1,0.9948,0.54,11.5,6,0.6666666666666666,0.28361,0.0
7.4,0.99528,0.59,10.8,6,0.5573770491803278,0.26754,0.2495201535508637
7.3,0.99331,0.52,11.5,6,0.6363636363636364,0.19411,1.2745098039215688
9.3,0.99577,0.57,13.2,6,0.2727272727272727,0.42636,1.2598425196850394
9.1,0.99901,0.6,10.9,6,0.3333333333333333,0.36252,1.6370106761565835
10.0,0.99674,0.62,12.2,6,0.5,0.21645,0.9544468546637743
9.4,0.99639,0.64,12.2,7,0.3,0.30738,1.1616161616161615
8.6,0.99512,0.67,11.9,6,0.5,0.25833,1.2658227848101267
5.3,0.99395,0.61,11.0,5,0.11290322580645161,0.58282,0.26536312849162014
6.8,0.99824,0.64,10.1,6,0.5777777777777777,0.28392,0.7542579075425792
8.4,0.9964,0.72,11.0,6,0.4050632911392405,0.2673,0.886426592797784
8.4,0.99504,0.89,11.8,6,0.8260869565217391,0.24335999999999997,0.1932367149758454
9.6,0.99786,0.56,10.5,5,0.43478260869565216,0.29484,0.9002433090024331
8.6,0.99516,0.8,11.2,5,0.5,0.1749,0.5732484076433122
8.6,0.99604,0.87,11.0,7,0.6883116883116883,0.22208000000000003,1.6289592760180995
9.4,0.99786,0.9,10.2,6,0.7123287671232876,0.21167,1.3692946058091287
8.4,0.99736,0.59,9.2,4,0.14666666666666667,0.29760000000000003,0.28315946348733234
8.7,0.99468,0.73,12.0,7,0.5263157894736842,0.2079,1.148036253776435
6.6,0.99746,0.73,10.5,5,0.32,0.2952,0.016366612111292964
7.4,0.99748,0.65,9.8,5,0.34210526315789475,0.25751999999999997,0.016366612111292964
7.6,0.9971,0.59,9.5,6,0.4393939393939394,0.2691,0.7231920199501246
8.8,0.99543,0.72,11.8,6,0.2638888888888889,0.2034,1.2624584717607974
12.0,0.99791,0.6,10.4,4,0.23076923076923078,0.21796999999999997,0.7923930269413629
7.2,0.99356,0.72,12.9,7,0.5476190476190477,0.22712000000000002,0.9973753280839895
6.2,0.99425,0.54,11.4,5,0.6363636363636364,0.26353,0.368763557483731
9.6,0.99509,0.76,12.4,7,0.52,0.24863999999999997,1.5709969788519638
9.9,0.99484,0.52,12.5,7,0.5294117647058824,0.2615799999999997,1.8081180811808117
10.1,0.99834,0.64,10.0,7,0.25,0.29624,0.9280742459396752
9.8,0.99864,0.6,9.7,7,0.2222222222222222,0.30456,0.6786427145708583
8.3,0.99498,0.64,12.1,7,0.4583333333333333,0.2943,1.627906976744186
10.2,0.99566,0.79,11.1,7,0.35,0.22294,0.9523809523809523
10.2,0.99745,0.99,12.0,7,0.4583333333333333,0.30268,1.3151927437641722
8.3,0.99408,0.62,12.4,7,0.5,0.30318,1.7081850533807827
8.9,0.99552,0.76,11.9,7,0.47619047619047616,0.25575,3.71900826446281
8.2,0.99536,0.68,11.2,7,0.6,0.19197999999999968,1.2861736334405145
10.2,0.99458,0.69,12.1,7,0.5555555555555556,0.1664,1.407624633431085
7.6,0.99538,0.54,12.2,6,0.5454545454545454,0.28207999999999966,0.9280742459396752
8.5,0.99648,0.67,10.4,5,0.391304347826087,0.3024,2.4644549763033177
9.0,0.99568,0.62,11.3,6,0.5,0.36741,1.440443213296399
9.5,0.99613,0.58,11.1,6,0.23529411764705882,0.28952,1.4016172506738545
6.4,0.99519,0.71,11.3,7,0.6944444444444444,0.4164,0.21015761821366025
8.0,0.99735,0.61,10.0,5,0.375,0.29904,0.08460236886632827
8.5,0.99518,0.85,11.1,6,0.47368421052631576,0.1832799999999997,0.5732484076433122
7.1,0.99592,0.62,9.3,5,0.3888888888888889,0.25506,0.24955436720142601
6.6,0.99654,0.69,9.5,5,0.375,0.3887,0.03502626970227671
8.8,0.99546,0.69,11.2,6,0.7407407407407407,0.315,1.4391143911439115
8.3,0.99554,0.86,11.0,6,0.5,0.2171,1.1730205278592376
9.0,0.99604,0.58,11.9,7,0.6,0.32238999999999995,1.0761154855643045
8.5,0.99733,0.48,9.2,5,0.20353982300884957,0.3036099999999997,0.30257186081694404
9.0,0.9943,0.6,12.2,6,0.6304347826086957,0.21760000000000002,1.0723192019950123
6.7,0.99669,0.61,10.2,5,0.3181818181818182,0.27334,0.160427807486631
10.4,0.99724,0.87,10.9,6,0.6,0.21978,1.8390804597701147
10.1,0.99643,0.65,11.6,7,0.46153846153846156,0.33488,1.3123359580052494
8.5,0.99605,0.63,10.7,5,0.5,0.27808,1.2903225806451613
8.8,0.99658,0.62,12.1,7,0.5384615384615384,0.24089999999999998,1.2386706948640482
7.2,0.997,0.52,9.4,5,0.4861111111111111,0.28552,0.7299270072992701
8.4,0.99801,0.5,9.1,5,0.2605042016806723,0.34335,0.4906937394247039
7.0,0.99416,0.49,11.3,7,0.3103448275862069,0.20007999999999998,0.798004987531172
12.2,0.9969,0.63,10.4,5,0.5,0.23475,1.0864745011086474
9.1,0.99774,0.71,10.5,6,0.47058823529411764,0.2158,0.5988023952095808
9.5,0.99712,0.62,10.0,5,0.4642857142857143,0.25675,0.30197444831591175
7.3,0.99418,0.82,12.9,6,0.7285714285714285,0.2338,0.6142034548944337
7.4,0.99562,0.58,11.3,6,0.6363636363636364,0.22080000000000002,0.0
9.8,0.9947,0.55,11.4,7,0.42857142857142855,0.21054,1.1436950146627565
7.1,0.99693,0.5,9.4,5,0.5,0.2752,0.8310249307479224
7.7,0.99596,0.49,9.4,5,0.7037037037037037,0.30651999999999974,0.3069053708439897
9.7,0.99556,0.51,10.9,6,0.6666666666666666,0.22922,1.3513513513513515
7.1,0.99694,0.48,9.4,5,0.45588235294117646,0.2828999999999997,0.8211143695014663
6.5,0.99554,0.48,9.4,6,0.6382978723404256,0.25536,0.24937655860349128
10.0,0.99918,0.43,9.4,5,0.22727272727272727,0.2898,1.2820512820512822
7.7,0.99697,0.62,10.1,6,0.4634146341463415,0.26781,0.09983361064891846
5.6,0.99378,0.63,12.8,7,0.2727272727272727,0.32277,0.0
8.9,0.99554,0.48,9.1,6,0.4,0.15600000000000003,0.40428061831153395
6.4,0.99162,0.53,12.9,6,0.5833333333333334,0.19085000000000002,0.0
7.5,0.99495,0.72,11.5,7,0.5,0.21328,0.6960556844547564
9.9,0.99676,0.82,10.6,7,0.6595744680851063,0.18907999999999967,1.0826210826210827
9.1,0.99516,0.84,11.7,7,0.48148148148148145,0.20537999999999998,1.1340206185567012
6.8,0.9928,0.55,12.8,7,0.5,0.22512000000000001,0.886426592797784
8.2,0.99603,0.54,10.3,5,0.6,0.26325,0.6728538283062645
9.1,0.99516,0.84,11.7,7,0.48,0.20864,1.1295681063122924
8.9,0.99549,0.7,12.0,7,0.5,0.3553,1.1396011396011396
9.6,0.99722,0.68,10.9,5,0.4727272727272727,0.3688799999999997,0.718562874251497
8.9,0.99354,0.55,12.3,7,0.5833333333333334,0.21775,1.601423487544484
8.9,0.9957,0.55,10.4,6,0.631578947368421,0.27896,0.9657320872274143
7.7,0.99604,0.48,10.0,5,0.34375,0.32946,0.14910536779324057
7.5,0.99635,0.58,10.0,6,0.7096774193548387,0.31095999999999996,0.0
8.0,0.99454,0.58,11.2,6,0.42857142857142855,0.3864,0.2753872633390706
10.5,0.99598,0.84,11.4,6,0.5185185185185185,0.22949999999999998,1.1764705882352942
8.9,0.99486,0.75,12.6,7,0.42857142857142855,0.22236000000000003,1.0498687664041995
8.0,0.99007,0.44,12.7,6,0.3302752293577982,0.14161,2.044198895027624
7.0,0.99636,0.61,10.4,5,0.43478260869565216,0.27534,0.27944111776447106
11.3,0.99642,0.53,11.9,6,0.375,0.3936,1.8282548476454294
7.0,0.99584,0.54,10.5,5,0.4444444444444444,0.2077,0.1761252446183953
8.2,0.99506,0.55,12.3,6,0.3333333333333333,0.32046,1.308411214953271
7.7,0.99568,0.56,10.5,7,0.6666666666666666,0.29216,0.017211703958691912
8.6,0.99822,0.6,10.4,6,0.3953488372093023,0.31635,0.0
7.9,0.99364,0.56,12.6,6,0.3888888888888889,0.22506,1.0289389067524115
6.4,0.99378,0.52,11.6,5,0.5384615384615384,0.22685000000000002,0.0
7.2,0.99586,0.54,10.1,6,0.6029411764705882,0.25275,0.6158357771260996
7.1,0.99488,0.55,11.5,7,0.6428571428571429,0.31122,0.0
7.3,0.99514,0.58,11.0,7,0.6,0.31155,0.018148820326678763
8.1,0.99854,0.53,9.6,5,0.35714285714285715,0.3192,0.0
7.5,0.99592,0.59,10.4,6,0.5185185185185185,0.29369999999999996,0.14010507880910683
8.9,0.99739,0.47,9.7,6,0.3125,0.2464,0.24128686327077747
10.1,0.99683,0.65,10.6,7,0.29411764705882354,0.26945,0.9164420485175203
7.6,0.99356,0.59,12.5,7,0.7428571428571429,0.2640399999999997,1.0932475884244375
7.3,0.99672,0.56,9.2,5,0.35714285714285715,0.24789999999999998,0.10976948408342481
8.7,0.9953,0.77,12.6,7,0.5952380952380952,0.25272,0.9975669099756691
8.9,0.99692,0.83,11.1,6,0.5384615384615384,0.29303999999999997,0.41916167664670656
7.4,0.99756,0.67,10.2,5,0.5,0.31504,0.0
6.9,0.99547,0.64,9.8,6,0.5,0.26702,0.38696537678207743
9.5,0.99859,0.81,10.9,7,0.46153846153846156,0.22701000000000002,1.0485933503836316
6.4,0.99294,0.62,12.2,6,0.22641509433962265,0.15456,0.8439897698209718
6.9,0.99438,0.58,11.4,6,0.8421052631578947,0.23240000000000002,0.0
7.6,0.99612,0.62,10.7,6,0.7333333333333333,0.25156,0.0
7.1,0.99634,0.64,10.4,5,0.5294117647058824,0.2861799999999997,0.39443155452436196
9.3,0.99702,0.78,10.9,6,0.21428571428571427,0.26487,0.7331975560081466
9.3,0.99704,0.77,10.8,6,0.35294117647058826,0.27468000000000004,0.718562874251497
8.5,0.99702,1.34,9.2,5,0.35555555555555557,1.2544199999999999,1.2798264642082429
5.6,0.99258,0.55,12.9,5,0.76,0.25988,0.08250825082508252
8.3,0.99426,0.77,12.7,7,0.45,0.2366,1.268882175226586
8.2,0.99747,0.62,9.1,6,0.06493506493506493,0.29735,0.421216848673947
8.9,0.99586,0.59,12.1,7,0.3,0.32420999999999967,1.101871101871102
7.6,0.99784,0.57,9.1,5,0.3111111111111111,0.3276,0.5938242280285035
9.9,0.9971,0.76,11.6,7,0.5769230769230769,0.29667,1.0734463276836157
11.6,0.9981,0.7,9.9,6,0.375,0.23236,2.4675324675324672
9.1,0.99462,0.69,12.5,8,0.4375,0.22790999999999997,1.2468827930174562
8.0,0.9956,0.64,11.4,6,0.4,0.3234,1.1548556430446195
10.2,0.99565,0.63,11.8,6,0.35294117647058826,0.2415,2.2336769759450172
8.2,0.99418,0.57,11.8,6,0.5,0.21976,0.1214574898785425
7.7,0.9963,0.6,10.2,6,0.3,0.27307000000000003,0.2945990180032733
6.6,0.99358,0.72,12.5,7,0.5,0.23800000000000002,0.15355086372360843
11.1,0.99572,0.83,10.9,7,0.3,0.1812,1.7041800643086817
8.0,0.997,0.62,10.8,5,0.5384615384615384,0.28465999999999997,0.5636070853462157
9.3,0.99498,0.89,11.1,7,0.5135135135135135,0.18126,1.3595166163141994
7.5,0.99892,0.58,9.2,5,0.32608695652173914,0.31360000000000005,0.2594033722438392
7.2,0.9968,0.58,9.5,6,0.44,0.2822,0.7407407407407408
8.0,0.9972,0.58,10.7,6,0.43243243243243246,0.29128,0.5314009661835749
9.1,0.99769,0.86,10.2,7,0.6716417910447762,0.24423999999999998,1.354581673306773
9.9,0.99534,0.73,11.4,6,0.375,0.22995,1.7445482866043616
8.6,0.99817,0.58,11.0,5,0.375,0.2616,1.7520215633423182
7.9,0.99316,0.51,12.3,7,0.13489208633093525,0.1505,2.259136212624585
10.3,0.99471,0.51,11.8,6,0.375,0.14852,2.066420664206642
7.9,0.99316,0.51,12.3,7,0.12975778546712802,0.1505,2.259136212624585
7.2,0.99685,0.59,9.5,6,0.44285714285714284,0.24966,0.7874015748031495
8.7,0.99617,0.77,12.0,6,0.5423728813559322,0.23975999999999997,1.0688836104513064
6.8,0.99529,0.49,9.6,5,0.625,0.23088,0.16632016632016633
8.5,0.99738,0.66,11.6,7,0.3333333333333333,0.18589999999999998,1.1730205278592376
7.9,0.994,0.69,11.2,6,0.6,0.18753,2.1989528795811517
11.6,0.99735,0.76,9.9,7,0.5365853658536586,0.2869,1.3138686131386863
10.0,0.99451,0.63,11.8,8,0.5675675675675675,0.24734,2.0689655172413794
7.9,0.99546,0.6,11.4,6,0.42105263157894735,0.28809999999999997,1.2316715542521992
7.0,0.99479,0.59,11.5,6,0.625,0.27783,0.16635859519408502
9.2,0.99615,0.86,12.0,7,0.3548387096774194,0.26307,1.157556270096463
6.6,0.99655,0.49,10.8,6,0.5294117647058824,0.3919499999999997,0.12396694214876033
9.4,0.99772,0.5,10.5,5,0.3,0.27404999999999996,1.1720698254364088
8.6,0.99666,0.52,9.4,5,0.2777777777777778,0.30720000000000003,0.72936660268714
8.0,0.99358,0.81,12.5,7,0.3125,0.6804,1.4469453376205788
8.4,0.99392,0.78,12.4,6,0.6388888888888888,0.22391999999999998,1.2316715542521992
7.4,0.99388,0.63,12.0,6,0.56,0.23784999999999998,0.54989816700611
6.1,0.99402,0.54,11.2,6,0.6,0.2691,0.18711018711018712
8.0,0.9936,0.66,12.4,6,0.64,0.23943999999999996,0.7068607068607069
6.3,0.99374,0.6,12.8,5,0.2653061224489796,0.16368000000000002,0.490367775831874
8.2,0.99376,0.54,12.3,6,0.5294117647058824,0.22149000000000002,1.8181818181818181
9.1,0.99523,0.85,11.7,7,0.4166666666666667,0.22236000000000003,1.3621262458471761
8.1,0.99855,0.49,9.5,5,0.3076923076923077,0.3024,0.12804097311139565
10.8,0.9982,0.76,10.8,6,0.4090909090909091,0.54207,0.9129511677282378
8.3,0.99593,0.64,10.0,6,0.42857142857142855,0.22750000000000004,0.0
5.4,0.99471,0.64,12.3,7,0.41818181818181815,0.34775999999999996,0.6413301662707839
7.9,0.99396,0.71,11.0,6,0.17142857142857143,0.18423999999999965,1.2386706948640482
8.9,0.99698,0.59,9.5,6,0.3,0.23088,1.6182572614107884
5.0,0.9902,0.66,13.6,6,0.3625,0.16054000000000002,1.2468827930174562
7.0,0.99572,0.6,11.3,6,0.7142857142857143,0.30757999999999996,0.10130246020260494
7.1,0.99252,0.53,13.3,6,0.5833333333333334,0.2145,0.3069053708439897
5.6,0.99256,0.58,12.9,5,0.4666666666666667,0.23232,0.0
7.9,0.99235,0.72,13.1,8,0.47058823529411764,0.2432,0.6284658040665434
6.6,0.99352,0.55,12.3,6,0.75,0.21328,0.0
6.3,0.9922,0.48,12.3,6,0.8181818181818182,0.18975,0.0
10.7,0.99674,0.65,11.2,6,0.5862068965517241,0.25272,0.9226932668329176
6.5,0.99557,0.62,11.5,4,0.23076923076923078,0.34752,0.0
8.8,0.99394,0.59,11.3,7,0.48148148148148145,0.17270000000000002,1.4522821576763485
5.8,0.9915,0.54,13.5,6,0.2727272727272727,0.21357,0.8934707903780069
6.3,0.99379,0.6,11.5,6,0.5,0.25271999999999994,0.0
10.0,0.9984,0.68,10.0,5,0.3146067415730337,0.3059,0.765661252900232
10.5,0.99798,0.69,10.5,6,0.34285714285714286,0.29531999999999997,0.8120649651972157
9.1,0.9977,0.63,10.4,6,0.5,0.1844399999999997,0.0
5.9,0.99341,0.44,9.5,5,0.4222222222222222,0.14939999999999998,1.0994764397905759
7.4,0.9933,0.88,13.6,7,0.47368421052631576,0.2535,0.9418282548476455
7.2,0.99684,0.68,11.2,7,0.5555555555555556,0.29993,0.14553014553014554
8.5,0.99524,0.74,11.8,7,0.4,0.20129999999999998,1.2455516014234873
8.0,0.9946,0.6,11.9,6,0.44,0.22646,1.7131474103585658
10.4,0.99774,0.76,11.4,6,0.46153846153846156,0.2576,0.8637236084452975
7.5,0.99786,0.58,9.1,5,0.30851063829787234,0.32656,0.36496350364963503
8.2,0.99764,0.64,9.5,6,0.18604651162790697,0.26386,0.46966731898238745
7.3,0.9969,0.65,9.5,6,0.4177215189873418,0.27280000000000004,0.7481296758104737
8.2,0.99624,0.85,11.0,6,0.3380281690140845,0.2616,0.8398950131233596
6.9,0.99354,0.65,11.4,6,0.5,0.14189999999999997,0.24390243902439024
7.0,0.99672,0.82,10.0,6,0.8,0.23465,1.3574660633484161
7.3,0.99588,0.62,10.1,5,0.5,0.22638000000000003,0.7165109034267912
8.2,0.99672,0.81,10.4,6,0.6078431372549019,0.26827999999999996,2.1393034825870645
7.8,0.996,0.87,9.8,6,0.2857142857142857,0.5838399999999999,0.23952095808383234
10.0,0.99702,0.49,11.8,7,0.42857142857142855,0.22790999999999997,1.094890510948905
7.8,0.99526,0.66,11.6,6,0.42857142857142855,0.29153999999999997,1.074168797953964
10.0,0.99585,0.52,12.0,6,0.5454545454545454,0.19702999999999998,1.339031339031339
8.2,0.99473,0.76,12.8,7,0.3333333333333333,0.2211,0.9667673716012084
6.1,0.99352,0.65,12.5,6,0.22857142857142856,0.15224,0.39586919104991397
8.3,0.99616,0.53,9.8,5,0.23684210526315788,0.3717,0.415973377703827
9.6,0.99622,0.66,11.1,6,0.4473684210526316,0.26809,0.831353919239905
6.6,0.99544,0.68,11.4,6,0.7936507936507936,0.359,0.0
8.5,0.99524,0.76,11.8,7,0.5113636363636364,0.23642999999999997,2.81767955801105
5.1,0.9924,0.87,12.9,7,0.15841584158415842,0.14532,0.3522504892367906
6.7,0.99572,1.16,10.6,6,0.4074074074074074,0.25992,1.0462287104622872
10.2,0.99728,0.67,10.8,5,0.2972972972972973,0.3476,1.0462287104622872
10.6,0.99676,0.72,11.1,7,0.3,0.27318,1.5789473684210527
8.8,0.99551,0.75,10.2,6,0.5714285714285714,0.24395999999999998,0.9534368070953436
8.5,0.99434,0.71,11.8,7,0.631578947368421,0.2355,1.308411214953271
9.0,0.99692,0.67,10.0,5,0.47619047619047616,0.25662,0.30534351145038163
8.5,0.99634,1.1,9.4,5,0.39473684210526316,1.11069,1.1337868480725624
9.9,0.99709,0.98,10.2,5,0.11666666666666667,0.32634,0.4805914972273567
8.2,0.99528,0.88,12.4,7,0.6041666666666666,0.24567999999999998,1.1782477341389728
6.5,0.99384,0.56,12.0,6,0.18181818181818182,0.21507,0.7917888563049853
7.6,0.99502,0.62,11.5,6,0.35714285714285715,0.28551999999999994,0.5788423153692615
9.2,0.99667,0.67,10.5,6,0.4166666666666667,0.19840000000000002,0.9418282548476455
7.1,0.99522,0.68,10.8,6,0.5909090909090909,0.26676,0.0
9.7,0.99649,0.74,12.3,6,0.3125,0.24198,1.0926365795724466
7.6,0.99716,0.62,9.5,6,0.4,0.27334,0.8587257617728532
6.5,0.99541,0.7,11.5,6,0.8135593220338984,0.34295,0.0
6.5,0.99572,0.5,11.2,4,0.48936170212765956,0.28282,0.0340522133938706
7.1,0.99318,0.66,12.7,7,0.5454545454545454,0.1742,0.0
5.6,0.99346,0.73,11.4,5,0.21794871794871795,0.15087999999999963,0.0
8.2,0.99599,0.81,11.0,6,0.23404255319148937,0.24852,0.9401709401709403
9.8,0.99478,0.46,11.4,5,0.45454545454545453,0.21692,1.0997442455242967
10.2,0.99754,0.86,10.5,6,0.7592592592592593,0.22984000000000002,0.9975062344139651
6.8,0.99572,0.6,9.3,5,0.26229508196721313,0.23030000000000003,0.10590015128593042
6.7,0.99538,0.7,10.9,5,0.09243697478991597,0.2688,0.358814352574103
7.0,0.99346,0.46,11.9,6,0.15384615384615385,0.28305,0.6960556844547564
6.6,0.9963,0.5,12.2,5,0.5,0.27808,0.037453183520599245
8.8,0.99616,0.44,9.6,4,0.2631578947368421,0.24749999999999997,0.05230125523012553
9.1,0.99652,0.57,12.5,6,0.3,0.26239999999999997,1.4214463840399
6.5,0.99551,0.51,10.8,5,0.5,0.59096,0.0
7.2,0.99439,0.8,12.4,7,0.2682926829268293,0.22176,1.4741035856573705
6.4,0.99551,0.51,10.8,5,0.5,0.59096,0.0
7.0,0.99588,0.59,9.5,6,0.234375,0.36708,0.16085790884718498
6.2,0.99633,0.6,9.5,6,0.375,0.27456,0.5104408352668214
7.9,0.99686,0.58,9.5,6,0.24468085106382978,0.24395999999999998,0.39586919104991397
7.7,0.99458,0.54,9.8,6,0.4444444444444444,0.21804000000000004,0.36777583187390545
7.7,0.9951,0.79,10.9,6,0.24675324675324675,0.1638,0.9961685823754789
7.9,0.99419,0.54,11.2,7,0.5,0.21255000000000002,1.0557184750733137
8.6,0.99516,0.69,11.7,8,0.5,0.22780000000000003,0.9263657957244656
9.9,0.99878,0.55,9.4,5,0.4342105263157895,0.34854,0.25641025641025644
7.2,0.99534,0.85,11.0,7,0.5454545454545454,0.2516,1.2742382271468145
9.9,0.99752,0.94,10.0,5,0.46153846153846156,0.45560000000000006,0.7628294036061027
6.2,0.99428,0.87,11.2,7,0.5833333333333334,0.24495,1.0997442455242967
6.8,0.99498,0.62,10.4,6,0.5333333333333333,0.26130000000000003,0.030721966205837174
6.6,0.9957,0.62,9.3,5,0.41509433962264153,0.25232,0.3401360544217687
9.6,0.99659,0.75,10.5,6,0.38461538461538464,0.22364999999999996,1.1023622047244095
10.2,0.99628,0.48,10.4,6,0.6666666666666666,0.2511,1.3897280966767371
8.8,0.99488,0.56,11.3,6,0.6896551724137931,0.3097,1.6974169741697416
7.9,0.99677,0.69,9.5,6,0.12658227848101267,0.25991000000000003,0.542907180385289
8.2,0.99408,0.81,12.0,6,0.581081081081081,0.18411,1.0850439882697946
8.2,0.996,0.69,10.6,6,0.3333333333333333,0.2656799999999997,0.7730673316708229
9.0,0.99478,0.83,10.9,6,0.5,0.1408,1.0230179028132993
10.9,0.99734,0.77,11.5,6,0.38636363636363635,0.43296,1.6199376947040498
8.1,0.99678,0.46,9.6,6,0.3707865168539326,0.25428,0.4143126177024482
10.5,0.99638,0.76,12.0,6,0.391304347826087,0.23901999999999998,1.3019390581717452
12.6,0.9992,0.82,10.3,6,0.4,0.24559999999999998,1.2531969309462916
9.2,0.99922,0.51,9.4,5,0.23376623376623376,0.28664999999999996,0.49891540130151846
7.5,0.99592,0.47,9.2,5,0.5869565217391305,0.2416,0.05163511187607573
9.0,0.99769,0.72,9.6,5,0.38095238095238093,0.34008,0.43029259896729777
5.1,0.99157,0.73,13.6,7,0.20454545454545456,0.16192,0.0
7.6,0.99718,0.64,9.5,5,0.2878787878787879,0.255,0.6728538283062645
7.7,0.9947,0.78,11.8,6,0.25862068965517243,0.22242,1.8784530386740332
7.8,0.99621,0.62,10.8,5,0.5333333333333333,0.25011999999999995,0.012254901960784315
10.2,0.99614,0.49,9.3,4,0.3888888888888889,0.18411,1.6017316017316017
7.1,0.99242,0.4,12.8,6,0.6111111111111112,0.20001,0.013315579227696404
6.0,0.99572,0.56,11.5,4,0.05309734513274336,0.1782,0.9667673716012084
7.8,0.99659,0.64,9.4,6,0.4117647058823529,0.22820000000000001,0.0
8.1,0.99798,0.46,9.6,4,0.5,0.27378,0.0
6.5,0.99488,0.56,11.8,4,0.55,0.19665000000000002,0.0
7.5,0.99494,0.4,9.3,5,0.6,0.2356,0.32733224222585927
9.8,0.99729,0.59,9.8,5,0.4307692307692308,0.24964,1.051212938005391
9.0,0.99414,0.6,12.2,6,0.375,0.18675999999999968,1.022443890274314
8.3,0.9983,0.62,9.5,5,0.11627906976744186,0.2763399999999997,0.392156862745098
5.9,0.99721,0.54,10.3,6,0.45,0.22311000000000003,0.859106529209622
7.4,0.99655,0.68,10.5,5,0.4411764705882353,0.2861799999999997,0.3448275862068965
7.4,0.99502,0.48,10.0,5,0.3125,0.26832,0.09446693657219973
6.9,0.9949,0.75,11.1,6,0.6111111111111112,0.27621,0.8029197080291972
7.1,0.99514,0.61,10.9,6,0.6486486486486487,0.2686,0.01663893510815308
7.5,0.9963,0.59,9.8,5,0.45,0.25256,0.24096385542168677
7.1,0.99627,0.58,9.8,5,0.42857142857142855,0.42435,0.0
7.9,0.99569,0.58,9.5,5,0.46153846153846156,0.32928,0.0
7.8,0.99628,0.69,10.9,5,0.5714285714285714,0.2686,0.08559201141226819
6.1,0.99358,0.45,11.0,5,0.5652173913043478,0.23943000000000003,0.031201248049921998
7.5,0.99499,0.42,9.2,5,0.7166666666666667,0.2541999999999997,0.37225042301184436
7.0,0.99633,0.7,11.0,6,0.17391304347826086,0.2822,0.48192771084337355
6.8,0.99538,0.63,11.3,6,0.45454545454545453,0.42312,0.0
8.6,0.99632,1.15,9.3,5,0.3392857142857143,1.2170599999999998,1.069182389937107
6.3,0.99437,0.55,11.2,4,0.7083333333333334,0.29797,0.0
9.8,0.99726,0.58,9.8,5,0.5151515151515151,0.25515,0.8425720620842572
8.2,0.9978,0.46,9.6,4,0.5,0.29993,0.0
8.5,0.99456,0.72,11.8,6,0.5098039215686274,0.22308,0.862533692722372
7.2,0.99564,0.6,10.3,6,0.4444444444444444,0.27378,0.08756567425569178
10.4,0.996,0.87,11.4,6,0.6842105263157895,0.21080000000000002,1.160092807424594
6.9,0.99668,0.55,9.5,6,0.4117647058823529,0.27413000000000004,0.7542579075425792
5.5,0.9908,0.82,14.0,8,0.3218390804597701,0.154,0.06109979633401222
5.0,0.99084,0.75,14.0,6,0.43333333333333335,0.1776,0.026246719160104987
7.3,0.9935,0.57,11.7,6,0.375,0.16562,0.45351473922902497
5.9,0.99385,0.53,11.2,5,0.5681818181818182,0.2695,0.0
7.5,0.99494,0.43,9.3,5,0.7727272727272727,0.2263,0.34423407917383825
7.8,0.9944,0.53,11.2,6,0.4722222222222222,0.33048,0.22375215146299485
8.0,0.99688,0.54,9.5,6,0.16049382716049382,0.243,0.30726256983240224
8.5,0.99566,0.56,12.0,4,0.3,0.164,0.9975062344139651
7.0,0.99636,0.6,9.7,6,0.3,0.3819,0.0
9.8,0.9948,0.57,11.5,7,0.3333333333333333,0.19468000000000002,1.2956810631229236
7.1,0.9956,0.64,10.4,6,0.5185185185185185,0.25949,0.43383947939262474
7.9,0.99619,0.68,10.9,6,0.4090909090909091,0.27972,0.0
8.7,0.99734,0.63,10.2,6,0.2463768115942029,0.31295999999999996,0.4437400950871633
7.0,0.99476,0.56,10.9,5,0.5,0.24069,0.4513064133016627
11.3,0.99734,0.57,10.5,5,0.425531914893617,0.2835,1.3477088948787062
7.1,0.99328,0.54,12.4,6,0.5483870967741935,0.22780000000000003,2.732919254658385
8.0,0.99286,0.37,13.0,5,0.42857142857142855,0.18031999999999967,0.13311148086522465
7.0,0.99914,1.17,10.2,5,0.18181818181818182,0.22440000000000002,0.49916805324459235
7.6,0.99521,0.59,11.0,5,0.5,0.336,0.0
8.2,0.99638,0.75,10.9,6,0.4166666666666667,0.24017,0.15723270440251572
5.9,0.99362,0.67,12.4,6,0.5,0.20271999999999962,0.3282828282828283
7.5,0.99672,0.49,9.7,4,0.5,0.28056000000000003,0.0
6.6,0.99558,0.45,9.5,5,0.6580645161290323,0.29760000000000003,0.0
7.2,0.99323,0.61,12.1,6,0.5172413793103449,0.2144,0.2636534839924671
5.7,0.99191,0.56,12.2,6,0.6111111111111112,0.21735000000000002,0.0
7.6,0.99476,0.4,10.9,3,0.5555555555555556,0.47949999999999965,0.0
5.2,0.99444,0.61,12.5,6,0.5357142857142857,0.3024,0.0
6.7,0.99598,0.74,11.7,6,0.3508771929824561,0.36000000000000004,0.0813008130081301
9.1,0.99576,0.8,11.2,6,0.26666666666666666,0.2112,0.862533692722372
8.0,0.99501,0.66,11.2,5,0.4117647058823529,0.27216,1.5658362989323842
7.6,0.9955,0.44,9.2,5,0.3088235294117647,0.27144,0.2654867256637168
7.5,0.99612,0.53,9.8,5,0.2727272727272727,0.24089999999999998,0.425531914893617
9.7,0.9979,0.62,10.1,5,0.24175824175824176,0.28952,0.46309696092619396
6.8,0.99524,0.52,11.1,4,0.5172413793103449,0.23188000000000003,0.13215859030837002
7.0,0.996,0.61,9.2,5,0.42857142857142855,0.23287999999999998,0.16103059581320453
6.5,0.9929,0.59,12.8,6,0.4444444444444444,0.21312,0.29354207436399216
8.0,0.99532,0.47,10.5,5,0.34146341463414637,0.27722,0.17781541066892467
7.0,0.99558,0.54,10.1,6,0.3076923076923077,0.2924,0.5817174515235457
7.0,0.99556,0.53,10.1,6,0.34782608695652173,0.2924,0.5817174515235457
7.5,0.99616,0.58,9.8,6,0.18681318681318682,0.27058,0.427892234548336
5.4,0.99258,0.59,12.5,6,0.34782608695652173,0.16440999999999958,0.0
9.9,0.99638,0.69,11.9,6,0.24390243902439024,0.28938,1.0430839002267573
9.1,0.99652,1.33,9.1,6,0.28125,1.2006,0.8935611038107754
9.7,0.99796,0.66,10.1,5,0.13636363636363635,0.30644,0.5143721633888049
5.0,0.99258,0.59,12.5,6,0.34782608695652173,0.16440999999999958,0.0
9.1,0.99392,0.55,11.4,5,0.5,0.1844399999999997,1.2316715542521992
9.1,0.99495,0.82,11.0,7,0.38181818181818183,0.1908,1.0803324099722993
6.7,0.9948,0.6,10.6,6,0.5294117647058824,0.26103,0.5206073752711496
6.5,0.9955,0.52,9.3,5,0.34210526315789475,0.24381999999999998,0.21113243761996162
7.4,0.99616,0.56,9.8,6,0.18681318681318682,0.27307000000000003,0.43261231281198004
7.8,0.99668,0.46,9.2,5,0.4626865671641791,0.34881999999999996,0.2985074626865672
8.4,0.99581,0.43,9.7,6,0.24,0.23174999999999998,0.2557544757033248
9.1,0.9976,0.51,9.6,5,0.25,0.25122,0.28350515463917525
7.2,0.99608,0.52,10.0,5,0.36363636363636365,0.56274,0.0
6.6,0.99387,0.66,12.6,6,0.475,0.23322,0.034423407917383825
6.0,0.99448,0.45,9.5,5,0.5769230769230769,0.19152,0.0
7.5,0.99538,0.54,10.5,6,0.41935483870967744,0.28224,0.03913894324853229
7.6,0.99589,0.51,10.4,6,0.5483870967741935,0.28645000000000004,0.03696857670979667
11.5,0.99852,0.53,11.0,5,0.4,0.23792999999999997,1.1401425178147269
8.2,0.99613,0.53,10.2,6,0.35714285714285715,0.20475,0.5442176870748299
6.1,0.99472,0.56,11.4,5,0.38461538461538464,0.19711999999999963,0.01692047377326565
7.2,0.99587,0.39,9.5,5,0.5833333333333334,0.26052,0.04573170731707317
6.9,0.99518,0.52,10.8,5,0.5121951219512195,0.27621,0.0
9.0,0.99654,0.57,10.0,5,0.4383561643835616,0.23046,0.48252911813643923
7.2,0.99332,0.51,11.8,6,0.17391304347826086,0.2158,0.016103059581320453
7.6,0.9969,0.46,10.3,5,0.24561403508771928,0.28981999999999997,0.04643962848297213
7.2,0.99568,0.52,10.0,5,0.25,0.25795,0.05163511187607573
6.1,0.99464,0.44,10.1,5,0.15625,0.28895999999999994,0.778816199376947
6.1,0.99464,0.44,10.1,5,0.14285714285714285,0.28224,0.7331378299120234
7.3,0.99648,0.59,11.1,6,0.40298507462686567,0.2808,0.5568445475638051
7.4,0.99736,0.5,9.5,5,0.5306122448979592,0.55104,0.26521060842433697
11.6,0.99704,0.65,10.0333333333333,6,0.21428571428571427,0.27936999999999995,0.8403361344537816
9.2,0.99699,0.56,10.9,5,0.2894736842105263,0.3628799999999997,0.5730129390018484
8.3,0.99724,0.54,10.1,5,0.24074074074074073,0.31248,0.16451233842538193
8.0,0.99652,0.48,9.8,4,0.1746031746031746,0.2632,0.3249097472924188
7.2,0.995,0.53,11.8,6,0.3225806451612903,0.33216,0.03300330033003301
7.8,0.9971,0.62,9.5,5,0.23809523809523808,0.3657,0.17964071856287425
7.3,0.99576,0.5,9.8,5,0.2222222222222222,0.30456,0.10796221322537113
6.9,0.99725,1.18,10.5,6,0.08571428571428572,0.286,0.55452865064695
8.0,0.99656,0.5,9.8,6,0.21621621621621623,0.25833,0.4150453955901427
6.6,0.99396,0.37,10.4,4,0.5,0.22977000000000003,0.0
8.7,0.99623,1.17,9.2,5,0.18181818181818182,1.2449999999999999,0.6530089628681178
7.5,0.99476,1.03,11.6,6,0.35714285714285715,0.49113,0.9638554216867471
7.7,0.99664,0.45,9.3,5,0.38202247191011235,0.35640000000000005,0.35952063914780297
6.8,0.99471,0.51,9.8,3,0.5517241379310345,0.88644,0.0
7.2,0.99586,0.52,9.9,5,0.13,0.27058,0.46345811051693403
8.2,0.9946,0.46,10.0,5,0.22580645161290322,0.26746,0.22573363431151242
5.2,0.9953,0.62,12.2,6,0.3108108108108108,0.3339,0.529531568228106
7.2,0.99609,0.51,9.9,6,0.35714285714285715,0.25662,0.3325942350332594
7.5,0.99557,0.62,10.8,6,0.3142857142857143,0.25872,0.03502626970227671
6.8,0.99534,0.45,9.6,5,0.16,0.25011999999999995,0.10830324909747292
8.0,0.99613,0.49,9.9,5,0.23809523809523808,0.264,0.36605657237936773
7.1,0.99593,0.5,9.5,5,0.23809523809523808,0.34132999999999997,0.1984126984126984
8.0,0.99668,0.42,9.2,5,0.4,0.24244,0.3082614056720098
7.4,0.9961,0.58,9.6,5,0.34782608695652173,0.33,0.10920436817472699
6.6,0.99718,0.68,10.3,5,0.14285714285714285,0.27805,0.4836193447737909
6.7,0.99524,0.53,9.7,5,0.32432432432432434,0.24800000000000003,0.04158004158004158
6.0,0.99292,0.59,12.5,6,0.45454545454545453,0.24344000000000002,0.0
8.0,0.99612,0.58,11.0,5,0.15151515151515152,0.31678,0.34321372854914195
7.1,0.9942,0.48,9.8,5,0.4166666666666667,0.22190000000000001,0.0966183574879227
8.0,0.99612,0.48,10.2,5,0.3220338983050847,0.25739999999999996,0.4798464491362764
6.4,0.99669,0.48,9.2,5,0.3698630136986301,0.23240000000000002,0.245183887915937
8.6,0.99745,0.65,9.55,6,0.25,0.30452,0.1457725947521866
8.7,0.99745,0.65,9.55,5,0.36363636363636365,0.2979,0.14792899408284024
7.3,0.99584,0.52,9.9,5,0.16346153846153846,0.26239999999999997,0.43993231810490696
7.0,0.9966,0.62,10.2,7,0.4642857142857143,0.29216000000000003,0.19966722129783693
7.2,0.9956,0.72,11.1,6,0.4166666666666667,0.23256000000000002,0.0
7.9,0.9962,0.51,9.9,5,0.23404255319148937,0.26,0.30390738060781475
7.6,0.9963,0.82,11.9,6,0.25,0.17887999999999998,1.3953488372093024
7.2,0.996,1.1,10.0,8,0.23076923076923078,0.19702999999999998,0.9969788519637462
8.0,0.9985,0.62,10.7,6,0.2608695652173913,0.2812599999999997,0.7784431137724551
7.7,0.9952,0.9,11.3,7,0.5294117647058824,0.20335999999999999,1.0676156583629892
8.2,0.9974,0.94,10.9,6,0.36363636363636365,0.19964,1.4107883817427387
6.0,0.995,0.93,10.7,6,0.7407407407407407,0.22656,0.0
8.1,0.995,1.01,12.4,7,0.660377358490566,0.15696000000000002,1.2371134020618557
6.6,0.9936,0.44,11.9,6,0.3125,0.2869999999999997,0.0
6.4,0.9963,0.73,10.6,6,0.42105263157894735,0.25276,0.8492569002123144
9.9,0.9963,0.9,10.1,5,0.1348314606741573,0.31616,0.43782837127845886
10.0,0.9994,0.78,9.6,5,0.2,0.2464,1.8380062305295948
6.2,0.9966,0.84,9.4,5,0.4444444444444444,0.23140000000000002,0.0
7.3,0.9952,0.77,12.1,7,0.5675675675675675,0.2144,0.967741935483871
7.8,0.995,0.46,9.8,5,0.15789473684210525,0.24332,0.018832391713747645
7.7,0.9956,0.45,9.9,5,0.24060150375939848,0.25179,0.32761310452418096
7.5,0.9965,0.58,9.4,5,0.41379310344827586,0.26386,0.44887780548628425
7.0,0.9956,0.84,11.4,6,0.7090909090909091,0.26781,0.0
6.4,0.9968,0.67,11.0,4,0.45161290322580644,0.4305,0.1694915254237288
8.3,0.9974,0.7,9.6,6,0.34782608695652173,0.24775999999999998,1.417624521072797
7.7,0.9971,0.71,12.1,6,0.38333333333333336,0.15686,1.6017316017316017
7.6,0.9957,0.58,11.2,5,0.2608695652173913,0.25739999999999996,0.8029197080291972
7.8,0.9962,0.63,11.0,5,0.4909090909090909,0.23831999999999998,0.0
7.9,0.996,0.93,11.3,5,0.5671641791044776,0.16317,2.2099447513812156
7.4,0.9956,0.62,10.4,5,0.3829787234042553,0.22242,0.5839416058394161
7.6,0.9958,0.54,9.9,6,0.17567567567567569,0.22494,0.7192575406032483
5.9,0.9944,0.85,11.7,6,0.2727272727272727,0.14616,0.0
6.1,0.9955,0.74,10.1,7,0.44,0.23598000000000002,0.399002493765586
10.2,1.00369,0.77,9.0,6,0.5789473684210527,0.68052,0.6839186691312384
10.0,0.99914,0.65,8.5,5,0.3,0.5323499999999997,0.9973753280839895
6.8,0.99577,0.54,11.1,5,0.38461538461538464,0.24710000000000001,0.31659388646288206
7.0,0.996,0.47,10.3,5,0.375,0.17732,0.0
7.3,0.99566,0.68,11.066666666666698,6,0.33695652173913043,0.23903999999999997,0.029806259314456036
7.2,0.9947,0.73,11.3,7,0.5357142857142857,0.20026,0.862533692722372
7.4,0.99713,0.52,9.56666666666667,6,0.19387755102040816,0.29704,0.24173027989821882
6.9,0.99712,0.75,9.8,5,0.6,0.2652,0.03169572107765452
6.9,0.99322,0.49,11.7,5,0.36363636363636365,0.19603999999999966,0.34423407917383825
7.3,0.99566,0.68,11.1,6,0.33695652173913043,0.23903999999999997,0.029806259314456036
7.4,0.99713,0.52,9.6,6,0.19387755102040816,0.29704,0.24173027989821882
6.8,0.99701,0.74,9.7,5,0.5641025641025641,0.272,0.0
6.9,0.99683,0.73,9.7,5,0.7407407407407407,0.272,0.017211703958691912
7.2,0.99472,0.76,11.3,8,0.5172413793103449,0.18087999999999968,0.8136482939632546
7.8,0.99732,0.78,11.0,7,0.47058823529411764,0.34632,1.3707165109034267
6.6,0.99374,0.76,11.6,7,0.6981132075471698,0.2077,0.034423407917383825
7.6,0.99706,0.58,9.0,5,0.3176470588235294,0.25234,0.6720977596741344
11.7,0.99974,0.69,10.9,6,0.30434782608695654,0.23432999999999998,1.3968957871396896
6.5,0.99467,0.63,10.9,6,0.5294117647058824,0.182,0.0
6.0,0.99236,0.5,10.55,6,0.42696629213483145,0.165,0.11090573012939
8.4,0.99603,0.6,10.5,5,0.4,0.22713000000000003,1.3745704467353954
7.9,0.99458,0.8,11.9,7,0.4666666666666667,0.17928,1.7412935323383083
6.4,0.99724,0.68,10.4,6,0.53125,0.18414,0.21377672209026127
6.2,0.99664,0.61,10.0,4,0.46153846153846156,0.21539999999999998,0.0
6.8,0.99545,0.58,10.4,6,0.45161290322580644,0.252,0.04680187207488299
6.9,0.99522,0.53,10.8,6,0.358974358974359,0.25384,0.01584786053882726
6.8,0.9958,0.67,9.7,5,0.6415094339622641,0.21483000000000002,0.16920473773265654
7.3,0.99728,0.65,10.0,7,0.5740740740740741,0.20459999999999998,0.6652806652806653
6.7,0.99648,0.57,11.0,4,0.59375,0.23584000000000002,0.07684918347742556
7.3,0.99705,0.55,9.7,3,0.40816326530612246,0.20191,0.05096839959225281
10.0,0.99578,0.47,9.7,5,0.3333333333333333,0.24192,0.15918958031837918
6.7,0.99334,0.52,12.6,5,0.5,0.22981000000000001,0.11412268188302425
7.6,0.99656,0.79,11.1,6,0.5227272727272727,0.24674,1.7094017094017095
6.1,0.99336,0.54,11.0,5,0.3111111111111111,0.23997999999999997,0.13311148086522465
9.9,1.00242,0.75,8.8,5,0.5853658536585366,0.6478,0.998003992015968
5.3,0.99182,0.88,13.566666666666698,7,0.1797752808988764,0.16992000000000002,0.23354564755838642
5.3,0.99182,0.88,13.6,7,0.1797752808988764,0.16992000000000002,0.23354564755838642
7.1,0.99808,0.52,10.2,3,0.21428571428571427,0.27879999999999966,0.05707762557077626
8.2,0.99828,0.68,10.6,5,0.45454545454545453,0.35256,2.1352313167259784
5.6,0.99498,0.62,10.1,4,0.46153846153846156,0.2928,0.04830917874396135
7.2,0.99719,0.57,10.3,4,0.3333333333333333,0.37962,0.9294320137693632
8.1,0.99542,0.61,10.7,5,0.5,0.14070000000000002,1.3293051359516617
6.8,0.99592,0.64,10.9,4,0.36363636363636365,0.2118,0.06586169045005488
7.0,0.99606,0.55,9.7,5,0.32,0.24938,0.24390243902439024
6.8,0.99546,0.6,10.3,5,0.391304347826087,0.2366,0.3083700440528634
6.0,0.99496,0.78,10.6,5,0.5294117647058824,0.23232,0.078003120124805
5.6,0.9942,0.58,11.4,5,0.38461538461538464,0.18228000000000003,0.07393715341959334
6.2,0.99448,0.76,10.8,6,0.36363636363636365,0.16512,0.17513134851138357
7.1,0.99344,0.56,12.4,6,0.4444444444444444,0.13221,2.2171945701357467
6.2,0.99348,0.54,11.95,5,0.3333333333333333,0.1785,0.09216589861751151
7.7,0.99636,0.59,9.7,5,0.1564625850340136,0.29013999999999995,0.4805914972273567
6.4,0.99459,0.7,10.0,7,0.5357142857142857,0.22572,0.28938906752411575
7.0,0.99492,0.81,10.6,6,0.5357142857142857,0.268,0.046403712296983764
6.9,0.99508,0.63,11.5,6,0.4375,0.18630000000000002,0.04048582995951417
6.6,0.99582,0.58,10.8,6,0.5384615384615384,0.24004,0.044642857142857144
7.5,0.99508,0.53,9.6,5,0.5333333333333333,0.24775999999999998,0.05509641873278237
7.8,0.99642,0.53,9.4,5,0.328125,0.26228,0.35322777101096225
7.3,0.99638,0.54,9.8,5,0.25,0.25818,0.30716723549488056
6.2,0.99555,0.69,11.0,6,0.42857142857142855,0.27026999999999995,0.8843537414965986
7.5,0.99605,0.55,11.4,6,0.4166666666666667,0.35616,1.496062992125984
6.7,0.996,0.63,9.95,3,0.5,0.2769,0.026281208935611037
6.8,0.99562,0.66,10.8,6,0.42857142857142855,0.2457,0.06165228113440197
7.1,0.99814,0.72,10.6,6,0.68,0.25011999999999995,2.214022140221402
7.9,0.9941,0.7,11.1,5,0.35,0.20335999999999999,2.2099447513812156
6.4,0.99661,0.77,9.7,6,0.5416666666666666,0.16309,0.5817174515235457
7.1,0.99712,0.67,9.8,5,0.7037037037037037,0.23392000000000002,0.057887120115774245
6.4,0.99588,0.65,10.4,6,0.6470588235294118,0.21533,0.05056890012642225
6.4,0.99294,0.6,10.5,6,0.26153846153846155,0.25974,0.267379679144385
6.9,0.99842,0.72,9.23333333333333,6,0.24615384615384617,0.26121999999999995,0.2497027348394768
6.9,0.99842,0.72,9.25,6,0.24615384615384617,0.26121999999999995,0.2497027348394768
6.1,0.99633,0.97,10.6,5,0.39655172413793105,0.24281999999999998,0.778816199376947
6.5,0.99489,0.83,10.3,6,0.6590909090909091,0.21294,0.11299435028248586
7.4,0.99647,0.63,10.5,5,0.35,0.37848,0.9766454352441615
6.6,0.99665,0.58,10.2,5,0.5185185185185185,0.36463999999999996,0.11412268188302425
6.9,0.99585,0.43,9.05,4,0.391304347826087,0.27797999999999967,0.4158004158004158
6.8,0.9953,0.6,10.4,5,0.47540983606557374,0.25384,0.5197505197505198
6.0,0.99522,0.78,10.0,6,0.46808510638297873,0.25425,0.4513064133016627
6.7,0.99552,0.64,9.7,5,0.5294117647058824,0.21312,0.16632016632016633
6.8,0.99553,0.65,9.6,6,0.47368421052631576,0.2112,0.16985138004246286
7.1,0.9951,0.66,10.8,6,0.625,0.23359,0.13182674199623354
7.9,0.99714,0.67,10.1,6,0.3559322033898305,0.31776,1.6838487972508591
7.1,0.99608,0.6,10.2,6,0.8076923076923077,0.21545999999999998,0.11577424023154849
6.6,0.99444,0.69,11.3,6,0.5,0.21545999999999998,0.20408163265306123
6.1,0.99631,0.66,10.2,5,0.4642857142857143,0.2916,0.141643059490085
7.2,0.99573,0.68,9.9,6,0.8181818181818182,0.18617999999999968,0.2448210922787194
8.0,0.99717,0.61,9.0,5,0.38095238095238093,0.25085999999999997,0.7672634271099744
6.6,0.99397,0.62,11.7,7,0.4482758620689655,0.21888,0.24955436720142601
7.0,0.9959,0.59,9.7,6,0.42857142857142855,0.252,0.23593466424682394
6.1,0.99528,0.68,10.3,6,0.5333333333333333,0.2772,0.15065913370998116
5.4,0.99484,0.64,10.2,6,0.6451612903225806,0.2065,0.1376936316695353
6.2,0.99538,0.63,12.0,5,0.5769230769230769,0.28917,0.14040561622464898
7.2,0.99714,0.78,9.9,5,0.5666666666666667,0.22490000000000002,0.8184143222506394
6.2,0.99646,0.63,11.6,6,0.34375,0.25276,0.15355086372360843
7.4,0.99666,0.76,10.9,7,0.3877551020408163,0.18359999999999999,1.1553784860557768
6.7,0.99472,0.56,10.75,6,0.7631578947368421,0.2112,0.023364485981308414
11.1,0.99758,0.57,10.4,6,0.7368421052631579,0.20800000000000002,0.9523809523809523
8.4,0.9955,0.81,11.2,7,0.631578947368421,0.19971,1.1590296495956873
6.5,0.99531,0.64,10.1,6,0.5714285714285714,0.19823999999999997,0.5229793977812995
7.0,0.99575,0.61,10.2,5,0.6538461538461539,0.24191999999999997,0.03502626970227671
6.3,0.99306,0.51,12.1,5,0.46153846153846156,0.1704,0.1663893510815308
11.2,0.99783,0.58,10.4,5,0.38,0.3069,1.2468827930174562
7.4,0.99419,0.7,11.4,8,0.7083333333333334,0.23976,0.8310249307479224
7.1,0.99783,0.53,9.5,5,0.6538461538461539,0.30015,0.0
7.1,0.99768,0.54,9.4,5,0.6666666666666666,0.28552,0.0
6.3,0.99586,0.66,11.3,6,0.5925925925925926,0.36152999999999996,0.014684287812041116
7.3,0.99765,0.6,9.4,5,0.6428571428571429,0.27280000000000004,0.0
6.6,0.99627,0.6,11.0,6,0.6521739130434783,0.21948,0.023364485981308414
7.0,0.99514,0.68,10.55,7,0.625,0.2236,0.30303030303030304
6.6,0.99636,0.56,9.9,5,0.6,0.23298,0.04540295119182747
6.9,0.99787,0.56,9.5,5,0.5739130434782609,0.7567,0.5229793977812995
7.8,0.99622,0.52,9.9,5,0.2366412213740458,0.25680000000000003,0.43261231281198004
7.2,0.99546,0.54,10.1,5,0.6,0.25004,0.18678160919540232
6.7,0.99489,0.82,10.9,6,0.6190476190476191,0.20679,0.029806259314456036
6.7,0.99494,0.71,11.2,6,0.46153846153846156,0.19705999999999999,3.9751552795031055
7.0,0.99629,0.59,9.2,5,0.5952380952380952,0.25717999999999996,0.23172905525846701
6.2,0.99396,0.57,11.5,6,0.4411764705882353,0.19487999999999964,0.27397260273972607
6.4,0.9934,0.93,12.4,6,0.5428571428571428,0.7751,1.4681440443213298
6.4,0.99514,0.65,11.1,6,0.6,0.13072,0.36745406824146987
7.3,0.99632,0.51,9.5,5,0.33653846153846156,0.22977000000000003,0.46309696092619396
6.0,0.99467,0.67,12.5,6,0.3,0.2685,0.34423407917383825
5.6,0.99677,0.48,10.5,6,0.25,0.25085999999999997,2.5080385852090035
7.5,0.99474,0.64,11.8,6,0.6,0.19559999999999997,0.7677543186180422
8.0,0.99588,0.78,10.8,6,0.5517241379310345,0.2673,2.0930232558139537
6.2,0.99622,0.6,11.9,6,0.48148148148148145,0.26904,0.21398002853067047
6.8,0.9954,0.67,11.3,6,0.65,0.40356,0.22354694485842025
6.2,0.99402,0.6,11.3,5,0.75,0.18762,0.160427807486631
7.4,0.9947,0.6,11.9,6,0.34615384615384615,0.22848000000000002,0.9401709401709403
6.1,0.99362,0.5,11.9,5,0.48148148148148145,0.18921,0.13966480446927376
6.2,0.99578,0.62,9.8,5,0.32653061224489793,0.24642,0.6290672451193058
6.7,0.99484,0.8,11.6,7,0.7058823529411765,0.20069,1.3707165109034267
7.2,0.99494,0.84,11.5,6,0.4583333333333333,0.2178,1.1253196930946292
7.5,0.99492,0.85,11.4,6,0.5666666666666667,0.2171,1.3183279742765273
5.8,0.99483,0.66,10.9,6,0.6428571428571429,0.2343,0.18003273322422259
7.2,0.99414,0.78,12.8,6,0.3333333333333333,0.22236000000000003,0.49924357034795763
6.6,0.9977,0.54,9.2,5,0.3670886075949367,0.24017,0.27548209366391185
6.3,0.99314,0.82,11.6,6,0.7428571428571429,0.25564,0.27223230490018147
5.4,0.99402,0.56,11.6,6,0.6153846153846154,0.32663,0.1214574898785425
6.3,0.99574,0.75,11.0,6,0.725,0.25992,0.25440313111545987
6.8,0.99651,0.82,9.5,6,0.7368421052631579,0.23256000000000002,0.12882447665056362
6.2,0.9949,0.58,10.5,5,0.7272727272727273,0.3105,0.13311148086522465
5.9,0.99512,0.76,11.2,6,0.7647058823529411,0.21824,0.18148820326678766
5.9,0.99547,0.71,10.2,5,0.7272727272727273,0.26775,0.18575851393188852
6.0,0.99549,0.66,11.0,6,0.42857142857142855,0.22713000000000003,1.5112540192926045
